ERROR [2025-06-08 13:27:37] C:\Users\Scarl\.conda\envs\umlexp1\lib\site-packages\blueapps\core\exceptions\middleware.py 72 process_exception 26584 3856 
 	 捕获未处理异常,异常具体堆栈->[Traceback (most recent call last):
  File "C:\Users\Scarl\.conda\envs\umlexp1\lib\site-packages\django\db\backends\utils.py", line 84, in _execute
    return self.cursor.execute(sql, params)
  File "C:\Users\Scarl\.conda\envs\umlexp1\lib\site-packages\django\db\backends\mysql\base.py", line 73, in execute
    return self.cursor.execute(query, args)
  File "C:\Users\Scarl\.conda\envs\umlexp1\lib\site-packages\pymysql\cursors.py", line 148, in execute
    result = self._query(query)
  File "C:\Users\Scarl\.conda\envs\umlexp1\lib\site-packages\pymysql\cursors.py", line 310, in _query
    conn.query(q)
  File "C:\Users\Scarl\.conda\envs\umlexp1\lib\site-packages\pymysql\connections.py", line 548, in query
    self._affected_rows = self._read_query_result(unbuffered=unbuffered)
  File "C:\Users\Scarl\.conda\envs\umlexp1\lib\site-packages\pymysql\connections.py", line 775, in _read_query_result
    result.read()
  File "C:\Users\Scarl\.conda\envs\umlexp1\lib\site-packages\pymysql\connections.py", line 1156, in read
    first_packet = self.connection._read_packet()
  File "C:\Users\Scarl\.conda\envs\umlexp1\lib\site-packages\pymysql\connections.py", line 725, in _read_packet
    packet.raise_for_error()
  File "C:\Users\Scarl\.conda\envs\umlexp1\lib\site-packages\pymysql\protocol.py", line 221, in raise_for_error
    err.raise_mysql_exception(self._data)
  File "C:\Users\Scarl\.conda\envs\umlexp1\lib\site-packages\pymysql\err.py", line 143, in raise_mysql_exception
    raise errorclass(errno, errval)
pymysql.err.ProgrammingError: (1146, "Table 'umlexp1.moments_wechatuser' doesn't exist")

The above exception was the direct cause of the following exception:

Traceback (most recent call last):
  File "C:\Users\Scarl\.conda\envs\umlexp1\lib\site-packages\django\core\handlers\base.py", line 181, in _get_response
    response = wrapped_callback(request, *callback_args, **callback_kwargs)
  File "C:\Users\Scarl\.conda\envs\umlexp1\lib\site-packages\django\contrib\admin\options.py", line 616, in wrapper
    return self.admin_site.admin_view(view)(*args, **kwargs)
  File "C:\Users\Scarl\.conda\envs\umlexp1\lib\site-packages\django\utils\decorators.py", line 130, in _wrapped_view
    response = view_func(request, *args, **kwargs)
  File "C:\Users\Scarl\.conda\envs\umlexp1\lib\site-packages\django\views\decorators\cache.py", line 44, in _wrapped_view_func
    response = view_func(request, *args, **kwargs)
  File "C:\Users\Scarl\.conda\envs\umlexp1\lib\site-packages\django\contrib\admin\sites.py", line 232, in inner
    return view(request, *args, **kwargs)
  File "C:\Users\Scarl\.conda\envs\umlexp1\lib\site-packages\django\contrib\admin\options.py", line 1657, in add_view
    return self.changeform_view(request, None, form_url, extra_context)
  File "C:\Users\Scarl\.conda\envs\umlexp1\lib\site-packages\django\utils\decorators.py", line 43, in _wrapper
    return bound_method(*args, **kwargs)
  File "C:\Users\Scarl\.conda\envs\umlexp1\lib\site-packages\django\utils\decorators.py", line 130, in _wrapped_view
    response = view_func(request, *args, **kwargs)
  File "C:\Users\Scarl\.conda\envs\umlexp1\lib\site-packages\django\contrib\admin\options.py", line 1540, in changeform_view
    return self._changeform_view(request, object_id, form_url, extra_context)
  File "C:\Users\Scarl\.conda\envs\umlexp1\lib\site-packages\django\contrib\admin\options.py", line 1579, in _changeform_view
    form_validated = form.is_valid()
  File "C:\Users\Scarl\.conda\envs\umlexp1\lib\site-packages\django\forms\forms.py", line 175, in is_valid
    return self.is_bound and not self.errors
  File "C:\Users\Scarl\.conda\envs\umlexp1\lib\site-packages\django\forms\forms.py", line 170, in errors
    self.full_clean()
  File "C:\Users\Scarl\.conda\envs\umlexp1\lib\site-packages\django\forms\forms.py", line 374, in full_clean
    self._post_clean()
  File "C:\Users\Scarl\.conda\envs\umlexp1\lib\site-packages\django\forms\models.py", line 419, in _post_clean
    self.validate_unique()
  File "C:\Users\Scarl\.conda\envs\umlexp1\lib\site-packages\django\forms\models.py", line 428, in validate_unique
    self.instance.validate_unique(exclude=exclude)
  File "C:\Users\Scarl\.conda\envs\umlexp1\lib\site-packages\django\db\models\base.py", line 1016, in validate_unique
    errors = self._perform_unique_checks(unique_checks)
  File "C:\Users\Scarl\.conda\envs\umlexp1\lib\site-packages\django\db\models\base.py", line 1119, in _perform_unique_checks
    if qs.exists():
  File "C:\Users\Scarl\.conda\envs\umlexp1\lib\site-packages\django\db\models\query.py", line 808, in exists
    return self.query.has_results(using=self.db)
  File "C:\Users\Scarl\.conda\envs\umlexp1\lib\site-packages\django\db\models\sql\query.py", line 550, in has_results
    return compiler.has_results()
  File "C:\Users\Scarl\.conda\envs\umlexp1\lib\site-packages\django\db\models\sql\compiler.py", line 1145, in has_results
    return bool(self.execute_sql(SINGLE))
  File "C:\Users\Scarl\.conda\envs\umlexp1\lib\site-packages\django\db\models\sql\compiler.py", line 1175, in execute_sql
    cursor.execute(sql, params)
  File "C:\Users\Scarl\.conda\envs\umlexp1\lib\site-packages\django\db\backends\utils.py", line 98, in execute
    return super().execute(sql, params)
  File "C:\Users\Scarl\.conda\envs\umlexp1\lib\site-packages\django\db\backends\utils.py", line 66, in execute
    return self._execute_with_wrappers(sql, params, many=False, executor=self._execute)
  File "C:\Users\Scarl\.conda\envs\umlexp1\lib\site-packages\django\db\backends\utils.py", line 75, in _execute_with_wrappers
    return executor(sql, params, many, context)
  File "C:\Users\Scarl\.conda\envs\umlexp1\lib\site-packages\django\db\backends\utils.py", line 84, in _execute
    return self.cursor.execute(sql, params)
  File "C:\Users\Scarl\.conda\envs\umlexp1\lib\site-packages\django\db\utils.py", line 90, in __exit__
    raise dj_exc_value.with_traceback(traceback) from exc_value
  File "C:\Users\Scarl\.conda\envs\umlexp1\lib\site-packages\django\db\backends\utils.py", line 84, in _execute
    return self.cursor.execute(sql, params)
  File "C:\Users\Scarl\.conda\envs\umlexp1\lib\site-packages\django\db\backends\mysql\base.py", line 73, in execute
    return self.cursor.execute(query, args)
  File "C:\Users\Scarl\.conda\envs\umlexp1\lib\site-packages\pymysql\cursors.py", line 148, in execute
    result = self._query(query)
  File "C:\Users\Scarl\.conda\envs\umlexp1\lib\site-packages\pymysql\cursors.py", line 310, in _query
    conn.query(q)
  File "C:\Users\Scarl\.conda\envs\umlexp1\lib\site-packages\pymysql\connections.py", line 548, in query
    self._affected_rows = self._read_query_result(unbuffered=unbuffered)
  File "C:\Users\Scarl\.conda\envs\umlexp1\lib\site-packages\pymysql\connections.py", line 775, in _read_query_result
    result.read()
  File "C:\Users\Scarl\.conda\envs\umlexp1\lib\site-packages\pymysql\connections.py", line 1156, in read
    first_packet = self.connection._read_packet()
  File "C:\Users\Scarl\.conda\envs\umlexp1\lib\site-packages\pymysql\connections.py", line 725, in _read_packet
    packet.raise_for_error()
  File "C:\Users\Scarl\.conda\envs\umlexp1\lib\site-packages\pymysql\protocol.py", line 221, in raise_for_error
    err.raise_mysql_exception(self._data)
  File "C:\Users\Scarl\.conda\envs\umlexp1\lib\site-packages\pymysql\err.py", line 143, in raise_mysql_exception
    raise errorclass(errno, errval)
django.db.utils.ProgrammingError: (1146, "Table 'umlexp1.moments_wechatuser' doesn't exist")
], 请求URL->[/admin/moments/wechatuser/add/], 请求方法->[POST] 请求参数->[{"csrfmiddlewaretoken": "Ez4rybEmimilmYZPKo6DKcuH94TmPCciOCN1gTGoYqP6FS4ph41eCJ95OfsH3CNF", "user": "2", "email": "donk@666.com", "motto": "Man! What can I say!", "pic": "kobe.png", "region": "\ud83d\ude07", "_save": "\u4fdd\u5b58"}] 

ERROR [2025-06-08 13:27:37] C:\Users\Scarl\.conda\envs\umlexp1\lib\site-packages\django\utils\log.py 230 log_response 26584 3856 
 	 Internal Server Error: /admin/moments/wechatuser/add/ 
Traceback (most recent call last):
  File "C:\Users\Scarl\.conda\envs\umlexp1\lib\site-packages\django\db\backends\utils.py", line 84, in _execute
    return self.cursor.execute(sql, params)
  File "C:\Users\Scarl\.conda\envs\umlexp1\lib\site-packages\django\db\backends\mysql\base.py", line 73, in execute
    return self.cursor.execute(query, args)
  File "C:\Users\Scarl\.conda\envs\umlexp1\lib\site-packages\pymysql\cursors.py", line 148, in execute
    result = self._query(query)
  File "C:\Users\Scarl\.conda\envs\umlexp1\lib\site-packages\pymysql\cursors.py", line 310, in _query
    conn.query(q)
  File "C:\Users\Scarl\.conda\envs\umlexp1\lib\site-packages\pymysql\connections.py", line 548, in query
    self._affected_rows = self._read_query_result(unbuffered=unbuffered)
  File "C:\Users\Scarl\.conda\envs\umlexp1\lib\site-packages\pymysql\connections.py", line 775, in _read_query_result
    result.read()
  File "C:\Users\Scarl\.conda\envs\umlexp1\lib\site-packages\pymysql\connections.py", line 1156, in read
    first_packet = self.connection._read_packet()
  File "C:\Users\Scarl\.conda\envs\umlexp1\lib\site-packages\pymysql\connections.py", line 725, in _read_packet
    packet.raise_for_error()
  File "C:\Users\Scarl\.conda\envs\umlexp1\lib\site-packages\pymysql\protocol.py", line 221, in raise_for_error
    err.raise_mysql_exception(self._data)
  File "C:\Users\Scarl\.conda\envs\umlexp1\lib\site-packages\pymysql\err.py", line 143, in raise_mysql_exception
    raise errorclass(errno, errval)
pymysql.err.ProgrammingError: (1146, "Table 'umlexp1.moments_wechatuser' doesn't exist")

The above exception was the direct cause of the following exception:

Traceback (most recent call last):
  File "C:\Users\Scarl\.conda\envs\umlexp1\lib\site-packages\django\core\handlers\exception.py", line 47, in inner
    response = get_response(request)
  File "C:\Users\Scarl\.conda\envs\umlexp1\lib\site-packages\django\core\handlers\base.py", line 181, in _get_response
    response = wrapped_callback(request, *callback_args, **callback_kwargs)
  File "C:\Users\Scarl\.conda\envs\umlexp1\lib\site-packages\django\contrib\admin\options.py", line 616, in wrapper
    return self.admin_site.admin_view(view)(*args, **kwargs)
  File "C:\Users\Scarl\.conda\envs\umlexp1\lib\site-packages\django\utils\decorators.py", line 130, in _wrapped_view
    response = view_func(request, *args, **kwargs)
  File "C:\Users\Scarl\.conda\envs\umlexp1\lib\site-packages\django\views\decorators\cache.py", line 44, in _wrapped_view_func
    response = view_func(request, *args, **kwargs)
  File "C:\Users\Scarl\.conda\envs\umlexp1\lib\site-packages\django\contrib\admin\sites.py", line 232, in inner
    return view(request, *args, **kwargs)
  File "C:\Users\Scarl\.conda\envs\umlexp1\lib\site-packages\django\contrib\admin\options.py", line 1657, in add_view
    return self.changeform_view(request, None, form_url, extra_context)
  File "C:\Users\Scarl\.conda\envs\umlexp1\lib\site-packages\django\utils\decorators.py", line 43, in _wrapper
    return bound_method(*args, **kwargs)
  File "C:\Users\Scarl\.conda\envs\umlexp1\lib\site-packages\django\utils\decorators.py", line 130, in _wrapped_view
    response = view_func(request, *args, **kwargs)
  File "C:\Users\Scarl\.conda\envs\umlexp1\lib\site-packages\django\contrib\admin\options.py", line 1540, in changeform_view
    return self._changeform_view(request, object_id, form_url, extra_context)
  File "C:\Users\Scarl\.conda\envs\umlexp1\lib\site-packages\django\contrib\admin\options.py", line 1579, in _changeform_view
    form_validated = form.is_valid()
  File "C:\Users\Scarl\.conda\envs\umlexp1\lib\site-packages\django\forms\forms.py", line 175, in is_valid
    return self.is_bound and not self.errors
  File "C:\Users\Scarl\.conda\envs\umlexp1\lib\site-packages\django\forms\forms.py", line 170, in errors
    self.full_clean()
  File "C:\Users\Scarl\.conda\envs\umlexp1\lib\site-packages\django\forms\forms.py", line 374, in full_clean
    self._post_clean()
  File "C:\Users\Scarl\.conda\envs\umlexp1\lib\site-packages\django\forms\models.py", line 419, in _post_clean
    self.validate_unique()
  File "C:\Users\Scarl\.conda\envs\umlexp1\lib\site-packages\django\forms\models.py", line 428, in validate_unique
    self.instance.validate_unique(exclude=exclude)
  File "C:\Users\Scarl\.conda\envs\umlexp1\lib\site-packages\django\db\models\base.py", line 1016, in validate_unique
    errors = self._perform_unique_checks(unique_checks)
  File "C:\Users\Scarl\.conda\envs\umlexp1\lib\site-packages\django\db\models\base.py", line 1119, in _perform_unique_checks
    if qs.exists():
  File "C:\Users\Scarl\.conda\envs\umlexp1\lib\site-packages\django\db\models\query.py", line 808, in exists
    return self.query.has_results(using=self.db)
  File "C:\Users\Scarl\.conda\envs\umlexp1\lib\site-packages\django\db\models\sql\query.py", line 550, in has_results
    return compiler.has_results()
  File "C:\Users\Scarl\.conda\envs\umlexp1\lib\site-packages\django\db\models\sql\compiler.py", line 1145, in has_results
    return bool(self.execute_sql(SINGLE))
  File "C:\Users\Scarl\.conda\envs\umlexp1\lib\site-packages\django\db\models\sql\compiler.py", line 1175, in execute_sql
    cursor.execute(sql, params)
  File "C:\Users\Scarl\.conda\envs\umlexp1\lib\site-packages\django\db\backends\utils.py", line 98, in execute
    return super().execute(sql, params)
  File "C:\Users\Scarl\.conda\envs\umlexp1\lib\site-packages\django\db\backends\utils.py", line 66, in execute
    return self._execute_with_wrappers(sql, params, many=False, executor=self._execute)
  File "C:\Users\Scarl\.conda\envs\umlexp1\lib\site-packages\django\db\backends\utils.py", line 75, in _execute_with_wrappers
    return executor(sql, params, many, context)
  File "C:\Users\Scarl\.conda\envs\umlexp1\lib\site-packages\django\db\backends\utils.py", line 84, in _execute
    return self.cursor.execute(sql, params)
  File "C:\Users\Scarl\.conda\envs\umlexp1\lib\site-packages\django\db\utils.py", line 90, in __exit__
    raise dj_exc_value.with_traceback(traceback) from exc_value
  File "C:\Users\Scarl\.conda\envs\umlexp1\lib\site-packages\django\db\backends\utils.py", line 84, in _execute
    return self.cursor.execute(sql, params)
  File "C:\Users\Scarl\.conda\envs\umlexp1\lib\site-packages\django\db\backends\mysql\base.py", line 73, in execute
    return self.cursor.execute(query, args)
  File "C:\Users\Scarl\.conda\envs\umlexp1\lib\site-packages\pymysql\cursors.py", line 148, in execute
    result = self._query(query)
  File "C:\Users\Scarl\.conda\envs\umlexp1\lib\site-packages\pymysql\cursors.py", line 310, in _query
    conn.query(q)
  File "C:\Users\Scarl\.conda\envs\umlexp1\lib\site-packages\pymysql\connections.py", line 548, in query
    self._affected_rows = self._read_query_result(unbuffered=unbuffered)
  File "C:\Users\Scarl\.conda\envs\umlexp1\lib\site-packages\pymysql\connections.py", line 775, in _read_query_result
    result.read()
  File "C:\Users\Scarl\.conda\envs\umlexp1\lib\site-packages\pymysql\connections.py", line 1156, in read
    first_packet = self.connection._read_packet()
  File "C:\Users\Scarl\.conda\envs\umlexp1\lib\site-packages\pymysql\connections.py", line 725, in _read_packet
    packet.raise_for_error()
  File "C:\Users\Scarl\.conda\envs\umlexp1\lib\site-packages\pymysql\protocol.py", line 221, in raise_for_error
    err.raise_mysql_exception(self._data)
  File "C:\Users\Scarl\.conda\envs\umlexp1\lib\site-packages\pymysql\err.py", line 143, in raise_mysql_exception
    raise errorclass(errno, errval)
django.db.utils.ProgrammingError: (1146, "Table 'umlexp1.moments_wechatuser' doesn't exist")
ERROR [2025-06-08 13:29:28] C:\Users\Scarl\.conda\envs\umlexp1\lib\site-packages\blueapps\core\exceptions\middleware.py 72 process_exception 23004 23704 
 	 捕获未处理异常,异常具体堆栈->[Traceback (most recent call last):
  File "C:\Users\Scarl\.conda\envs\umlexp1\lib\site-packages\django\db\backends\utils.py", line 84, in _execute
    return self.cursor.execute(sql, params)
  File "C:\Users\Scarl\.conda\envs\umlexp1\lib\site-packages\django\db\backends\mysql\base.py", line 73, in execute
    return self.cursor.execute(query, args)
  File "C:\Users\Scarl\.conda\envs\umlexp1\lib\site-packages\pymysql\cursors.py", line 148, in execute
    result = self._query(query)
  File "C:\Users\Scarl\.conda\envs\umlexp1\lib\site-packages\pymysql\cursors.py", line 310, in _query
    conn.query(q)
  File "C:\Users\Scarl\.conda\envs\umlexp1\lib\site-packages\pymysql\connections.py", line 548, in query
    self._affected_rows = self._read_query_result(unbuffered=unbuffered)
  File "C:\Users\Scarl\.conda\envs\umlexp1\lib\site-packages\pymysql\connections.py", line 775, in _read_query_result
    result.read()
  File "C:\Users\Scarl\.conda\envs\umlexp1\lib\site-packages\pymysql\connections.py", line 1156, in read
    first_packet = self.connection._read_packet()
  File "C:\Users\Scarl\.conda\envs\umlexp1\lib\site-packages\pymysql\connections.py", line 725, in _read_packet
    packet.raise_for_error()
  File "C:\Users\Scarl\.conda\envs\umlexp1\lib\site-packages\pymysql\protocol.py", line 221, in raise_for_error
    err.raise_mysql_exception(self._data)
  File "C:\Users\Scarl\.conda\envs\umlexp1\lib\site-packages\pymysql\err.py", line 143, in raise_mysql_exception
    raise errorclass(errno, errval)
pymysql.err.ProgrammingError: (1146, "Table 'umlexp1.moments_wechatuser' doesn't exist")

The above exception was the direct cause of the following exception:

Traceback (most recent call last):
  File "C:\Users\Scarl\.conda\envs\umlexp1\lib\site-packages\django\core\handlers\base.py", line 181, in _get_response
    response = wrapped_callback(request, *callback_args, **callback_kwargs)
  File "C:\Users\Scarl\.conda\envs\umlexp1\lib\site-packages\django\contrib\admin\options.py", line 616, in wrapper
    return self.admin_site.admin_view(view)(*args, **kwargs)
  File "C:\Users\Scarl\.conda\envs\umlexp1\lib\site-packages\django\utils\decorators.py", line 130, in _wrapped_view
    response = view_func(request, *args, **kwargs)
  File "C:\Users\Scarl\.conda\envs\umlexp1\lib\site-packages\django\views\decorators\cache.py", line 44, in _wrapped_view_func
    response = view_func(request, *args, **kwargs)
  File "C:\Users\Scarl\.conda\envs\umlexp1\lib\site-packages\django\contrib\admin\sites.py", line 232, in inner
    return view(request, *args, **kwargs)
  File "C:\Users\Scarl\.conda\envs\umlexp1\lib\site-packages\django\utils\decorators.py", line 43, in _wrapper
    return bound_method(*args, **kwargs)
  File "C:\Users\Scarl\.conda\envs\umlexp1\lib\site-packages\django\utils\decorators.py", line 130, in _wrapped_view
    response = view_func(request, *args, **kwargs)
  File "C:\Users\Scarl\.conda\envs\umlexp1\lib\site-packages\django\contrib\admin\options.py", line 1697, in changelist_view
    cl = self.get_changelist_instance(request)
  File "C:\Users\Scarl\.conda\envs\umlexp1\lib\site-packages\django\contrib\admin\options.py", line 749, in get_changelist_instance
    sortable_by,
  File "C:\Users\Scarl\.conda\envs\umlexp1\lib\site-packages\django\contrib\admin\views\main.py", line 100, in __init__
    self.get_results(request)
  File "C:\Users\Scarl\.conda\envs\umlexp1\lib\site-packages\django\contrib\admin\views\main.py", line 235, in get_results
    result_count = paginator.count
  File "C:\Users\Scarl\.conda\envs\umlexp1\lib\site-packages\django\utils\functional.py", line 48, in __get__
    res = instance.__dict__[self.name] = self.func(instance)
  File "C:\Users\Scarl\.conda\envs\umlexp1\lib\site-packages\django\core\paginator.py", line 97, in count
    return c()
  File "C:\Users\Scarl\.conda\envs\umlexp1\lib\site-packages\django\db\models\query.py", line 412, in count
    return self.query.get_count(using=self.db)
  File "C:\Users\Scarl\.conda\envs\umlexp1\lib\site-packages\django\db\models\sql\query.py", line 517, in get_count
    number = obj.get_aggregation(using, ['__count'])['__count']
  File "C:\Users\Scarl\.conda\envs\umlexp1\lib\site-packages\django\db\models\sql\query.py", line 502, in get_aggregation
    result = compiler.execute_sql(SINGLE)
  File "C:\Users\Scarl\.conda\envs\umlexp1\lib\site-packages\django\db\models\sql\compiler.py", line 1175, in execute_sql
    cursor.execute(sql, params)
  File "C:\Users\Scarl\.conda\envs\umlexp1\lib\site-packages\django\db\backends\utils.py", line 98, in execute
    return super().execute(sql, params)
  File "C:\Users\Scarl\.conda\envs\umlexp1\lib\site-packages\django\db\backends\utils.py", line 66, in execute
    return self._execute_with_wrappers(sql, params, many=False, executor=self._execute)
  File "C:\Users\Scarl\.conda\envs\umlexp1\lib\site-packages\django\db\backends\utils.py", line 75, in _execute_with_wrappers
    return executor(sql, params, many, context)
  File "C:\Users\Scarl\.conda\envs\umlexp1\lib\site-packages\django\db\backends\utils.py", line 84, in _execute
    return self.cursor.execute(sql, params)
  File "C:\Users\Scarl\.conda\envs\umlexp1\lib\site-packages\django\db\utils.py", line 90, in __exit__
    raise dj_exc_value.with_traceback(traceback) from exc_value
  File "C:\Users\Scarl\.conda\envs\umlexp1\lib\site-packages\django\db\backends\utils.py", line 84, in _execute
    return self.cursor.execute(sql, params)
  File "C:\Users\Scarl\.conda\envs\umlexp1\lib\site-packages\django\db\backends\mysql\base.py", line 73, in execute
    return self.cursor.execute(query, args)
  File "C:\Users\Scarl\.conda\envs\umlexp1\lib\site-packages\pymysql\cursors.py", line 148, in execute
    result = self._query(query)
  File "C:\Users\Scarl\.conda\envs\umlexp1\lib\site-packages\pymysql\cursors.py", line 310, in _query
    conn.query(q)
  File "C:\Users\Scarl\.conda\envs\umlexp1\lib\site-packages\pymysql\connections.py", line 548, in query
    self._affected_rows = self._read_query_result(unbuffered=unbuffered)
  File "C:\Users\Scarl\.conda\envs\umlexp1\lib\site-packages\pymysql\connections.py", line 775, in _read_query_result
    result.read()
  File "C:\Users\Scarl\.conda\envs\umlexp1\lib\site-packages\pymysql\connections.py", line 1156, in read
    first_packet = self.connection._read_packet()
  File "C:\Users\Scarl\.conda\envs\umlexp1\lib\site-packages\pymysql\connections.py", line 725, in _read_packet
    packet.raise_for_error()
  File "C:\Users\Scarl\.conda\envs\umlexp1\lib\site-packages\pymysql\protocol.py", line 221, in raise_for_error
    err.raise_mysql_exception(self._data)
  File "C:\Users\Scarl\.conda\envs\umlexp1\lib\site-packages\pymysql\err.py", line 143, in raise_mysql_exception
    raise errorclass(errno, errval)
django.db.utils.ProgrammingError: (1146, "Table 'umlexp1.moments_wechatuser' doesn't exist")
], 请求URL->[/admin/moments/wechatuser/], 请求方法->[GET] 请求参数->[{}] 

ERROR [2025-06-08 13:29:28] C:\Users\Scarl\.conda\envs\umlexp1\lib\site-packages\django\utils\log.py 230 log_response 23004 23704 
 	 Internal Server Error: /admin/moments/wechatuser/ 
Traceback (most recent call last):
  File "C:\Users\Scarl\.conda\envs\umlexp1\lib\site-packages\django\db\backends\utils.py", line 84, in _execute
    return self.cursor.execute(sql, params)
  File "C:\Users\Scarl\.conda\envs\umlexp1\lib\site-packages\django\db\backends\mysql\base.py", line 73, in execute
    return self.cursor.execute(query, args)
  File "C:\Users\Scarl\.conda\envs\umlexp1\lib\site-packages\pymysql\cursors.py", line 148, in execute
    result = self._query(query)
  File "C:\Users\Scarl\.conda\envs\umlexp1\lib\site-packages\pymysql\cursors.py", line 310, in _query
    conn.query(q)
  File "C:\Users\Scarl\.conda\envs\umlexp1\lib\site-packages\pymysql\connections.py", line 548, in query
    self._affected_rows = self._read_query_result(unbuffered=unbuffered)
  File "C:\Users\Scarl\.conda\envs\umlexp1\lib\site-packages\pymysql\connections.py", line 775, in _read_query_result
    result.read()
  File "C:\Users\Scarl\.conda\envs\umlexp1\lib\site-packages\pymysql\connections.py", line 1156, in read
    first_packet = self.connection._read_packet()
  File "C:\Users\Scarl\.conda\envs\umlexp1\lib\site-packages\pymysql\connections.py", line 725, in _read_packet
    packet.raise_for_error()
  File "C:\Users\Scarl\.conda\envs\umlexp1\lib\site-packages\pymysql\protocol.py", line 221, in raise_for_error
    err.raise_mysql_exception(self._data)
  File "C:\Users\Scarl\.conda\envs\umlexp1\lib\site-packages\pymysql\err.py", line 143, in raise_mysql_exception
    raise errorclass(errno, errval)
pymysql.err.ProgrammingError: (1146, "Table 'umlexp1.moments_wechatuser' doesn't exist")

The above exception was the direct cause of the following exception:

Traceback (most recent call last):
  File "C:\Users\Scarl\.conda\envs\umlexp1\lib\site-packages\django\core\handlers\exception.py", line 47, in inner
    response = get_response(request)
  File "C:\Users\Scarl\.conda\envs\umlexp1\lib\site-packages\django\core\handlers\base.py", line 181, in _get_response
    response = wrapped_callback(request, *callback_args, **callback_kwargs)
  File "C:\Users\Scarl\.conda\envs\umlexp1\lib\site-packages\django\contrib\admin\options.py", line 616, in wrapper
    return self.admin_site.admin_view(view)(*args, **kwargs)
  File "C:\Users\Scarl\.conda\envs\umlexp1\lib\site-packages\django\utils\decorators.py", line 130, in _wrapped_view
    response = view_func(request, *args, **kwargs)
  File "C:\Users\Scarl\.conda\envs\umlexp1\lib\site-packages\django\views\decorators\cache.py", line 44, in _wrapped_view_func
    response = view_func(request, *args, **kwargs)
  File "C:\Users\Scarl\.conda\envs\umlexp1\lib\site-packages\django\contrib\admin\sites.py", line 232, in inner
    return view(request, *args, **kwargs)
  File "C:\Users\Scarl\.conda\envs\umlexp1\lib\site-packages\django\utils\decorators.py", line 43, in _wrapper
    return bound_method(*args, **kwargs)
  File "C:\Users\Scarl\.conda\envs\umlexp1\lib\site-packages\django\utils\decorators.py", line 130, in _wrapped_view
    response = view_func(request, *args, **kwargs)
  File "C:\Users\Scarl\.conda\envs\umlexp1\lib\site-packages\django\contrib\admin\options.py", line 1697, in changelist_view
    cl = self.get_changelist_instance(request)
  File "C:\Users\Scarl\.conda\envs\umlexp1\lib\site-packages\django\contrib\admin\options.py", line 749, in get_changelist_instance
    sortable_by,
  File "C:\Users\Scarl\.conda\envs\umlexp1\lib\site-packages\django\contrib\admin\views\main.py", line 100, in __init__
    self.get_results(request)
  File "C:\Users\Scarl\.conda\envs\umlexp1\lib\site-packages\django\contrib\admin\views\main.py", line 235, in get_results
    result_count = paginator.count
  File "C:\Users\Scarl\.conda\envs\umlexp1\lib\site-packages\django\utils\functional.py", line 48, in __get__
    res = instance.__dict__[self.name] = self.func(instance)
  File "C:\Users\Scarl\.conda\envs\umlexp1\lib\site-packages\django\core\paginator.py", line 97, in count
    return c()
  File "C:\Users\Scarl\.conda\envs\umlexp1\lib\site-packages\django\db\models\query.py", line 412, in count
    return self.query.get_count(using=self.db)
  File "C:\Users\Scarl\.conda\envs\umlexp1\lib\site-packages\django\db\models\sql\query.py", line 517, in get_count
    number = obj.get_aggregation(using, ['__count'])['__count']
  File "C:\Users\Scarl\.conda\envs\umlexp1\lib\site-packages\django\db\models\sql\query.py", line 502, in get_aggregation
    result = compiler.execute_sql(SINGLE)
  File "C:\Users\Scarl\.conda\envs\umlexp1\lib\site-packages\django\db\models\sql\compiler.py", line 1175, in execute_sql
    cursor.execute(sql, params)
  File "C:\Users\Scarl\.conda\envs\umlexp1\lib\site-packages\django\db\backends\utils.py", line 98, in execute
    return super().execute(sql, params)
  File "C:\Users\Scarl\.conda\envs\umlexp1\lib\site-packages\django\db\backends\utils.py", line 66, in execute
    return self._execute_with_wrappers(sql, params, many=False, executor=self._execute)
  File "C:\Users\Scarl\.conda\envs\umlexp1\lib\site-packages\django\db\backends\utils.py", line 75, in _execute_with_wrappers
    return executor(sql, params, many, context)
  File "C:\Users\Scarl\.conda\envs\umlexp1\lib\site-packages\django\db\backends\utils.py", line 84, in _execute
    return self.cursor.execute(sql, params)
  File "C:\Users\Scarl\.conda\envs\umlexp1\lib\site-packages\django\db\utils.py", line 90, in __exit__
    raise dj_exc_value.with_traceback(traceback) from exc_value
  File "C:\Users\Scarl\.conda\envs\umlexp1\lib\site-packages\django\db\backends\utils.py", line 84, in _execute
    return self.cursor.execute(sql, params)
  File "C:\Users\Scarl\.conda\envs\umlexp1\lib\site-packages\django\db\backends\mysql\base.py", line 73, in execute
    return self.cursor.execute(query, args)
  File "C:\Users\Scarl\.conda\envs\umlexp1\lib\site-packages\pymysql\cursors.py", line 148, in execute
    result = self._query(query)
  File "C:\Users\Scarl\.conda\envs\umlexp1\lib\site-packages\pymysql\cursors.py", line 310, in _query
    conn.query(q)
  File "C:\Users\Scarl\.conda\envs\umlexp1\lib\site-packages\pymysql\connections.py", line 548, in query
    self._affected_rows = self._read_query_result(unbuffered=unbuffered)
  File "C:\Users\Scarl\.conda\envs\umlexp1\lib\site-packages\pymysql\connections.py", line 775, in _read_query_result
    result.read()
  File "C:\Users\Scarl\.conda\envs\umlexp1\lib\site-packages\pymysql\connections.py", line 1156, in read
    first_packet = self.connection._read_packet()
  File "C:\Users\Scarl\.conda\envs\umlexp1\lib\site-packages\pymysql\connections.py", line 725, in _read_packet
    packet.raise_for_error()
  File "C:\Users\Scarl\.conda\envs\umlexp1\lib\site-packages\pymysql\protocol.py", line 221, in raise_for_error
    err.raise_mysql_exception(self._data)
  File "C:\Users\Scarl\.conda\envs\umlexp1\lib\site-packages\pymysql\err.py", line 143, in raise_mysql_exception
    raise errorclass(errno, errval)
django.db.utils.ProgrammingError: (1146, "Table 'umlexp1.moments_wechatuser' doesn't exist")
ERROR [2025-06-08 13:33:07] C:\Users\Scarl\.conda\envs\umlexp1\lib\site-packages\blueapps\core\exceptions\middleware.py 72 process_exception 37596 33632 
 	 捕获未处理异常,异常具体堆栈->[Traceback (most recent call last):
  File "C:\Users\Scarl\.conda\envs\umlexp1\lib\site-packages\django\db\backends\utils.py", line 84, in _execute
    return self.cursor.execute(sql, params)
  File "C:\Users\Scarl\.conda\envs\umlexp1\lib\site-packages\django\db\backends\mysql\base.py", line 73, in execute
    return self.cursor.execute(query, args)
  File "C:\Users\Scarl\.conda\envs\umlexp1\lib\site-packages\pymysql\cursors.py", line 148, in execute
    result = self._query(query)
  File "C:\Users\Scarl\.conda\envs\umlexp1\lib\site-packages\pymysql\cursors.py", line 310, in _query
    conn.query(q)
  File "C:\Users\Scarl\.conda\envs\umlexp1\lib\site-packages\pymysql\connections.py", line 548, in query
    self._affected_rows = self._read_query_result(unbuffered=unbuffered)
  File "C:\Users\Scarl\.conda\envs\umlexp1\lib\site-packages\pymysql\connections.py", line 775, in _read_query_result
    result.read()
  File "C:\Users\Scarl\.conda\envs\umlexp1\lib\site-packages\pymysql\connections.py", line 1156, in read
    first_packet = self.connection._read_packet()
  File "C:\Users\Scarl\.conda\envs\umlexp1\lib\site-packages\pymysql\connections.py", line 725, in _read_packet
    packet.raise_for_error()
  File "C:\Users\Scarl\.conda\envs\umlexp1\lib\site-packages\pymysql\protocol.py", line 221, in raise_for_error
    err.raise_mysql_exception(self._data)
  File "C:\Users\Scarl\.conda\envs\umlexp1\lib\site-packages\pymysql\err.py", line 143, in raise_mysql_exception
    raise errorclass(errno, errval)
pymysql.err.ProgrammingError: (1146, "Table 'umlexp1.moments_wechatuser' doesn't exist")

The above exception was the direct cause of the following exception:

Traceback (most recent call last):
  File "C:\Users\Scarl\.conda\envs\umlexp1\lib\site-packages\django\core\handlers\base.py", line 181, in _get_response
    response = wrapped_callback(request, *callback_args, **callback_kwargs)
  File "C:\Users\Scarl\.conda\envs\umlexp1\lib\site-packages\django\contrib\admin\options.py", line 616, in wrapper
    return self.admin_site.admin_view(view)(*args, **kwargs)
  File "C:\Users\Scarl\.conda\envs\umlexp1\lib\site-packages\django\utils\decorators.py", line 130, in _wrapped_view
    response = view_func(request, *args, **kwargs)
  File "C:\Users\Scarl\.conda\envs\umlexp1\lib\site-packages\django\views\decorators\cache.py", line 44, in _wrapped_view_func
    response = view_func(request, *args, **kwargs)
  File "C:\Users\Scarl\.conda\envs\umlexp1\lib\site-packages\django\contrib\admin\sites.py", line 232, in inner
    return view(request, *args, **kwargs)
  File "C:\Users\Scarl\.conda\envs\umlexp1\lib\site-packages\django\contrib\admin\options.py", line 1657, in add_view
    return self.changeform_view(request, None, form_url, extra_context)
  File "C:\Users\Scarl\.conda\envs\umlexp1\lib\site-packages\django\utils\decorators.py", line 43, in _wrapper
    return bound_method(*args, **kwargs)
  File "C:\Users\Scarl\.conda\envs\umlexp1\lib\site-packages\django\utils\decorators.py", line 130, in _wrapped_view
    response = view_func(request, *args, **kwargs)
  File "C:\Users\Scarl\.conda\envs\umlexp1\lib\site-packages\django\contrib\admin\options.py", line 1540, in changeform_view
    return self._changeform_view(request, object_id, form_url, extra_context)
  File "C:\Users\Scarl\.conda\envs\umlexp1\lib\site-packages\django\contrib\admin\options.py", line 1579, in _changeform_view
    form_validated = form.is_valid()
  File "C:\Users\Scarl\.conda\envs\umlexp1\lib\site-packages\django\forms\forms.py", line 175, in is_valid
    return self.is_bound and not self.errors
  File "C:\Users\Scarl\.conda\envs\umlexp1\lib\site-packages\django\forms\forms.py", line 170, in errors
    self.full_clean()
  File "C:\Users\Scarl\.conda\envs\umlexp1\lib\site-packages\django\forms\forms.py", line 374, in full_clean
    self._post_clean()
  File "C:\Users\Scarl\.conda\envs\umlexp1\lib\site-packages\django\forms\models.py", line 419, in _post_clean
    self.validate_unique()
  File "C:\Users\Scarl\.conda\envs\umlexp1\lib\site-packages\django\forms\models.py", line 428, in validate_unique
    self.instance.validate_unique(exclude=exclude)
  File "C:\Users\Scarl\.conda\envs\umlexp1\lib\site-packages\django\db\models\base.py", line 1016, in validate_unique
    errors = self._perform_unique_checks(unique_checks)
  File "C:\Users\Scarl\.conda\envs\umlexp1\lib\site-packages\django\db\models\base.py", line 1119, in _perform_unique_checks
    if qs.exists():
  File "C:\Users\Scarl\.conda\envs\umlexp1\lib\site-packages\django\db\models\query.py", line 808, in exists
    return self.query.has_results(using=self.db)
  File "C:\Users\Scarl\.conda\envs\umlexp1\lib\site-packages\django\db\models\sql\query.py", line 550, in has_results
    return compiler.has_results()
  File "C:\Users\Scarl\.conda\envs\umlexp1\lib\site-packages\django\db\models\sql\compiler.py", line 1145, in has_results
    return bool(self.execute_sql(SINGLE))
  File "C:\Users\Scarl\.conda\envs\umlexp1\lib\site-packages\django\db\models\sql\compiler.py", line 1175, in execute_sql
    cursor.execute(sql, params)
  File "C:\Users\Scarl\.conda\envs\umlexp1\lib\site-packages\django\db\backends\utils.py", line 98, in execute
    return super().execute(sql, params)
  File "C:\Users\Scarl\.conda\envs\umlexp1\lib\site-packages\django\db\backends\utils.py", line 66, in execute
    return self._execute_with_wrappers(sql, params, many=False, executor=self._execute)
  File "C:\Users\Scarl\.conda\envs\umlexp1\lib\site-packages\django\db\backends\utils.py", line 75, in _execute_with_wrappers
    return executor(sql, params, many, context)
  File "C:\Users\Scarl\.conda\envs\umlexp1\lib\site-packages\django\db\backends\utils.py", line 84, in _execute
    return self.cursor.execute(sql, params)
  File "C:\Users\Scarl\.conda\envs\umlexp1\lib\site-packages\django\db\utils.py", line 90, in __exit__
    raise dj_exc_value.with_traceback(traceback) from exc_value
  File "C:\Users\Scarl\.conda\envs\umlexp1\lib\site-packages\django\db\backends\utils.py", line 84, in _execute
    return self.cursor.execute(sql, params)
  File "C:\Users\Scarl\.conda\envs\umlexp1\lib\site-packages\django\db\backends\mysql\base.py", line 73, in execute
    return self.cursor.execute(query, args)
  File "C:\Users\Scarl\.conda\envs\umlexp1\lib\site-packages\pymysql\cursors.py", line 148, in execute
    result = self._query(query)
  File "C:\Users\Scarl\.conda\envs\umlexp1\lib\site-packages\pymysql\cursors.py", line 310, in _query
    conn.query(q)
  File "C:\Users\Scarl\.conda\envs\umlexp1\lib\site-packages\pymysql\connections.py", line 548, in query
    self._affected_rows = self._read_query_result(unbuffered=unbuffered)
  File "C:\Users\Scarl\.conda\envs\umlexp1\lib\site-packages\pymysql\connections.py", line 775, in _read_query_result
    result.read()
  File "C:\Users\Scarl\.conda\envs\umlexp1\lib\site-packages\pymysql\connections.py", line 1156, in read
    first_packet = self.connection._read_packet()
  File "C:\Users\Scarl\.conda\envs\umlexp1\lib\site-packages\pymysql\connections.py", line 725, in _read_packet
    packet.raise_for_error()
  File "C:\Users\Scarl\.conda\envs\umlexp1\lib\site-packages\pymysql\protocol.py", line 221, in raise_for_error
    err.raise_mysql_exception(self._data)
  File "C:\Users\Scarl\.conda\envs\umlexp1\lib\site-packages\pymysql\err.py", line 143, in raise_mysql_exception
    raise errorclass(errno, errval)
django.db.utils.ProgrammingError: (1146, "Table 'umlexp1.moments_wechatuser' doesn't exist")
], 请求URL->[/admin/moments/wechatuser/add/], 请求方法->[POST] 请求参数->[{"csrfmiddlewaretoken": "Ez4rybEmimilmYZPKo6DKcuH94TmPCciOCN1gTGoYqP6FS4ph41eCJ95OfsH3CNF", "user": "2", "email": "donk@666.com", "motto": "Man! What can I say!", "pic": "kobe.png", "region": "\ud83d\ude07", "_save": "\u4fdd\u5b58"}] 

ERROR [2025-06-08 13:33:07] C:\Users\Scarl\.conda\envs\umlexp1\lib\site-packages\django\utils\log.py 230 log_response 37596 33632 
 	 Internal Server Error: /admin/moments/wechatuser/add/ 
Traceback (most recent call last):
  File "C:\Users\Scarl\.conda\envs\umlexp1\lib\site-packages\django\db\backends\utils.py", line 84, in _execute
    return self.cursor.execute(sql, params)
  File "C:\Users\Scarl\.conda\envs\umlexp1\lib\site-packages\django\db\backends\mysql\base.py", line 73, in execute
    return self.cursor.execute(query, args)
  File "C:\Users\Scarl\.conda\envs\umlexp1\lib\site-packages\pymysql\cursors.py", line 148, in execute
    result = self._query(query)
  File "C:\Users\Scarl\.conda\envs\umlexp1\lib\site-packages\pymysql\cursors.py", line 310, in _query
    conn.query(q)
  File "C:\Users\Scarl\.conda\envs\umlexp1\lib\site-packages\pymysql\connections.py", line 548, in query
    self._affected_rows = self._read_query_result(unbuffered=unbuffered)
  File "C:\Users\Scarl\.conda\envs\umlexp1\lib\site-packages\pymysql\connections.py", line 775, in _read_query_result
    result.read()
  File "C:\Users\Scarl\.conda\envs\umlexp1\lib\site-packages\pymysql\connections.py", line 1156, in read
    first_packet = self.connection._read_packet()
  File "C:\Users\Scarl\.conda\envs\umlexp1\lib\site-packages\pymysql\connections.py", line 725, in _read_packet
    packet.raise_for_error()
  File "C:\Users\Scarl\.conda\envs\umlexp1\lib\site-packages\pymysql\protocol.py", line 221, in raise_for_error
    err.raise_mysql_exception(self._data)
  File "C:\Users\Scarl\.conda\envs\umlexp1\lib\site-packages\pymysql\err.py", line 143, in raise_mysql_exception
    raise errorclass(errno, errval)
pymysql.err.ProgrammingError: (1146, "Table 'umlexp1.moments_wechatuser' doesn't exist")

The above exception was the direct cause of the following exception:

Traceback (most recent call last):
  File "C:\Users\Scarl\.conda\envs\umlexp1\lib\site-packages\django\core\handlers\exception.py", line 47, in inner
    response = get_response(request)
  File "C:\Users\Scarl\.conda\envs\umlexp1\lib\site-packages\django\core\handlers\base.py", line 181, in _get_response
    response = wrapped_callback(request, *callback_args, **callback_kwargs)
  File "C:\Users\Scarl\.conda\envs\umlexp1\lib\site-packages\django\contrib\admin\options.py", line 616, in wrapper
    return self.admin_site.admin_view(view)(*args, **kwargs)
  File "C:\Users\Scarl\.conda\envs\umlexp1\lib\site-packages\django\utils\decorators.py", line 130, in _wrapped_view
    response = view_func(request, *args, **kwargs)
  File "C:\Users\Scarl\.conda\envs\umlexp1\lib\site-packages\django\views\decorators\cache.py", line 44, in _wrapped_view_func
    response = view_func(request, *args, **kwargs)
  File "C:\Users\Scarl\.conda\envs\umlexp1\lib\site-packages\django\contrib\admin\sites.py", line 232, in inner
    return view(request, *args, **kwargs)
  File "C:\Users\Scarl\.conda\envs\umlexp1\lib\site-packages\django\contrib\admin\options.py", line 1657, in add_view
    return self.changeform_view(request, None, form_url, extra_context)
  File "C:\Users\Scarl\.conda\envs\umlexp1\lib\site-packages\django\utils\decorators.py", line 43, in _wrapper
    return bound_method(*args, **kwargs)
  File "C:\Users\Scarl\.conda\envs\umlexp1\lib\site-packages\django\utils\decorators.py", line 130, in _wrapped_view
    response = view_func(request, *args, **kwargs)
  File "C:\Users\Scarl\.conda\envs\umlexp1\lib\site-packages\django\contrib\admin\options.py", line 1540, in changeform_view
    return self._changeform_view(request, object_id, form_url, extra_context)
  File "C:\Users\Scarl\.conda\envs\umlexp1\lib\site-packages\django\contrib\admin\options.py", line 1579, in _changeform_view
    form_validated = form.is_valid()
  File "C:\Users\Scarl\.conda\envs\umlexp1\lib\site-packages\django\forms\forms.py", line 175, in is_valid
    return self.is_bound and not self.errors
  File "C:\Users\Scarl\.conda\envs\umlexp1\lib\site-packages\django\forms\forms.py", line 170, in errors
    self.full_clean()
  File "C:\Users\Scarl\.conda\envs\umlexp1\lib\site-packages\django\forms\forms.py", line 374, in full_clean
    self._post_clean()
  File "C:\Users\Scarl\.conda\envs\umlexp1\lib\site-packages\django\forms\models.py", line 419, in _post_clean
    self.validate_unique()
  File "C:\Users\Scarl\.conda\envs\umlexp1\lib\site-packages\django\forms\models.py", line 428, in validate_unique
    self.instance.validate_unique(exclude=exclude)
  File "C:\Users\Scarl\.conda\envs\umlexp1\lib\site-packages\django\db\models\base.py", line 1016, in validate_unique
    errors = self._perform_unique_checks(unique_checks)
  File "C:\Users\Scarl\.conda\envs\umlexp1\lib\site-packages\django\db\models\base.py", line 1119, in _perform_unique_checks
    if qs.exists():
  File "C:\Users\Scarl\.conda\envs\umlexp1\lib\site-packages\django\db\models\query.py", line 808, in exists
    return self.query.has_results(using=self.db)
  File "C:\Users\Scarl\.conda\envs\umlexp1\lib\site-packages\django\db\models\sql\query.py", line 550, in has_results
    return compiler.has_results()
  File "C:\Users\Scarl\.conda\envs\umlexp1\lib\site-packages\django\db\models\sql\compiler.py", line 1145, in has_results
    return bool(self.execute_sql(SINGLE))
  File "C:\Users\Scarl\.conda\envs\umlexp1\lib\site-packages\django\db\models\sql\compiler.py", line 1175, in execute_sql
    cursor.execute(sql, params)
  File "C:\Users\Scarl\.conda\envs\umlexp1\lib\site-packages\django\db\backends\utils.py", line 98, in execute
    return super().execute(sql, params)
  File "C:\Users\Scarl\.conda\envs\umlexp1\lib\site-packages\django\db\backends\utils.py", line 66, in execute
    return self._execute_with_wrappers(sql, params, many=False, executor=self._execute)
  File "C:\Users\Scarl\.conda\envs\umlexp1\lib\site-packages\django\db\backends\utils.py", line 75, in _execute_with_wrappers
    return executor(sql, params, many, context)
  File "C:\Users\Scarl\.conda\envs\umlexp1\lib\site-packages\django\db\backends\utils.py", line 84, in _execute
    return self.cursor.execute(sql, params)
  File "C:\Users\Scarl\.conda\envs\umlexp1\lib\site-packages\django\db\utils.py", line 90, in __exit__
    raise dj_exc_value.with_traceback(traceback) from exc_value
  File "C:\Users\Scarl\.conda\envs\umlexp1\lib\site-packages\django\db\backends\utils.py", line 84, in _execute
    return self.cursor.execute(sql, params)
  File "C:\Users\Scarl\.conda\envs\umlexp1\lib\site-packages\django\db\backends\mysql\base.py", line 73, in execute
    return self.cursor.execute(query, args)
  File "C:\Users\Scarl\.conda\envs\umlexp1\lib\site-packages\pymysql\cursors.py", line 148, in execute
    result = self._query(query)
  File "C:\Users\Scarl\.conda\envs\umlexp1\lib\site-packages\pymysql\cursors.py", line 310, in _query
    conn.query(q)
  File "C:\Users\Scarl\.conda\envs\umlexp1\lib\site-packages\pymysql\connections.py", line 548, in query
    self._affected_rows = self._read_query_result(unbuffered=unbuffered)
  File "C:\Users\Scarl\.conda\envs\umlexp1\lib\site-packages\pymysql\connections.py", line 775, in _read_query_result
    result.read()
  File "C:\Users\Scarl\.conda\envs\umlexp1\lib\site-packages\pymysql\connections.py", line 1156, in read
    first_packet = self.connection._read_packet()
  File "C:\Users\Scarl\.conda\envs\umlexp1\lib\site-packages\pymysql\connections.py", line 725, in _read_packet
    packet.raise_for_error()
  File "C:\Users\Scarl\.conda\envs\umlexp1\lib\site-packages\pymysql\protocol.py", line 221, in raise_for_error
    err.raise_mysql_exception(self._data)
  File "C:\Users\Scarl\.conda\envs\umlexp1\lib\site-packages\pymysql\err.py", line 143, in raise_mysql_exception
    raise errorclass(errno, errval)
django.db.utils.ProgrammingError: (1146, "Table 'umlexp1.moments_wechatuser' doesn't exist")
ERROR [2025-06-08 13:33:11] C:\Users\Scarl\.conda\envs\umlexp1\lib\site-packages\blueapps\core\exceptions\middleware.py 72 process_exception 37596 33632 
 	 捕获未处理异常,异常具体堆栈->[Traceback (most recent call last):
  File "C:\Users\Scarl\.conda\envs\umlexp1\lib\site-packages\django\db\backends\utils.py", line 84, in _execute
    return self.cursor.execute(sql, params)
  File "C:\Users\Scarl\.conda\envs\umlexp1\lib\site-packages\django\db\backends\mysql\base.py", line 73, in execute
    return self.cursor.execute(query, args)
  File "C:\Users\Scarl\.conda\envs\umlexp1\lib\site-packages\pymysql\cursors.py", line 148, in execute
    result = self._query(query)
  File "C:\Users\Scarl\.conda\envs\umlexp1\lib\site-packages\pymysql\cursors.py", line 310, in _query
    conn.query(q)
  File "C:\Users\Scarl\.conda\envs\umlexp1\lib\site-packages\pymysql\connections.py", line 548, in query
    self._affected_rows = self._read_query_result(unbuffered=unbuffered)
  File "C:\Users\Scarl\.conda\envs\umlexp1\lib\site-packages\pymysql\connections.py", line 775, in _read_query_result
    result.read()
  File "C:\Users\Scarl\.conda\envs\umlexp1\lib\site-packages\pymysql\connections.py", line 1156, in read
    first_packet = self.connection._read_packet()
  File "C:\Users\Scarl\.conda\envs\umlexp1\lib\site-packages\pymysql\connections.py", line 725, in _read_packet
    packet.raise_for_error()
  File "C:\Users\Scarl\.conda\envs\umlexp1\lib\site-packages\pymysql\protocol.py", line 221, in raise_for_error
    err.raise_mysql_exception(self._data)
  File "C:\Users\Scarl\.conda\envs\umlexp1\lib\site-packages\pymysql\err.py", line 143, in raise_mysql_exception
    raise errorclass(errno, errval)
pymysql.err.ProgrammingError: (1146, "Table 'umlexp1.moments_wechatuser' doesn't exist")

The above exception was the direct cause of the following exception:

Traceback (most recent call last):
  File "C:\Users\Scarl\.conda\envs\umlexp1\lib\site-packages\django\core\handlers\base.py", line 181, in _get_response
    response = wrapped_callback(request, *callback_args, **callback_kwargs)
  File "C:\Users\Scarl\.conda\envs\umlexp1\lib\site-packages\django\contrib\admin\options.py", line 616, in wrapper
    return self.admin_site.admin_view(view)(*args, **kwargs)
  File "C:\Users\Scarl\.conda\envs\umlexp1\lib\site-packages\django\utils\decorators.py", line 130, in _wrapped_view
    response = view_func(request, *args, **kwargs)
  File "C:\Users\Scarl\.conda\envs\umlexp1\lib\site-packages\django\views\decorators\cache.py", line 44, in _wrapped_view_func
    response = view_func(request, *args, **kwargs)
  File "C:\Users\Scarl\.conda\envs\umlexp1\lib\site-packages\django\contrib\admin\sites.py", line 232, in inner
    return view(request, *args, **kwargs)
  File "C:\Users\Scarl\.conda\envs\umlexp1\lib\site-packages\django\contrib\admin\options.py", line 1657, in add_view
    return self.changeform_view(request, None, form_url, extra_context)
  File "C:\Users\Scarl\.conda\envs\umlexp1\lib\site-packages\django\utils\decorators.py", line 43, in _wrapper
    return bound_method(*args, **kwargs)
  File "C:\Users\Scarl\.conda\envs\umlexp1\lib\site-packages\django\utils\decorators.py", line 130, in _wrapped_view
    response = view_func(request, *args, **kwargs)
  File "C:\Users\Scarl\.conda\envs\umlexp1\lib\site-packages\django\contrib\admin\options.py", line 1540, in changeform_view
    return self._changeform_view(request, object_id, form_url, extra_context)
  File "C:\Users\Scarl\.conda\envs\umlexp1\lib\site-packages\django\contrib\admin\options.py", line 1579, in _changeform_view
    form_validated = form.is_valid()
  File "C:\Users\Scarl\.conda\envs\umlexp1\lib\site-packages\django\forms\forms.py", line 175, in is_valid
    return self.is_bound and not self.errors
  File "C:\Users\Scarl\.conda\envs\umlexp1\lib\site-packages\django\forms\forms.py", line 170, in errors
    self.full_clean()
  File "C:\Users\Scarl\.conda\envs\umlexp1\lib\site-packages\django\forms\forms.py", line 374, in full_clean
    self._post_clean()
  File "C:\Users\Scarl\.conda\envs\umlexp1\lib\site-packages\django\forms\models.py", line 419, in _post_clean
    self.validate_unique()
  File "C:\Users\Scarl\.conda\envs\umlexp1\lib\site-packages\django\forms\models.py", line 428, in validate_unique
    self.instance.validate_unique(exclude=exclude)
  File "C:\Users\Scarl\.conda\envs\umlexp1\lib\site-packages\django\db\models\base.py", line 1016, in validate_unique
    errors = self._perform_unique_checks(unique_checks)
  File "C:\Users\Scarl\.conda\envs\umlexp1\lib\site-packages\django\db\models\base.py", line 1119, in _perform_unique_checks
    if qs.exists():
  File "C:\Users\Scarl\.conda\envs\umlexp1\lib\site-packages\django\db\models\query.py", line 808, in exists
    return self.query.has_results(using=self.db)
  File "C:\Users\Scarl\.conda\envs\umlexp1\lib\site-packages\django\db\models\sql\query.py", line 550, in has_results
    return compiler.has_results()
  File "C:\Users\Scarl\.conda\envs\umlexp1\lib\site-packages\django\db\models\sql\compiler.py", line 1145, in has_results
    return bool(self.execute_sql(SINGLE))
  File "C:\Users\Scarl\.conda\envs\umlexp1\lib\site-packages\django\db\models\sql\compiler.py", line 1175, in execute_sql
    cursor.execute(sql, params)
  File "C:\Users\Scarl\.conda\envs\umlexp1\lib\site-packages\django\db\backends\utils.py", line 98, in execute
    return super().execute(sql, params)
  File "C:\Users\Scarl\.conda\envs\umlexp1\lib\site-packages\django\db\backends\utils.py", line 66, in execute
    return self._execute_with_wrappers(sql, params, many=False, executor=self._execute)
  File "C:\Users\Scarl\.conda\envs\umlexp1\lib\site-packages\django\db\backends\utils.py", line 75, in _execute_with_wrappers
    return executor(sql, params, many, context)
  File "C:\Users\Scarl\.conda\envs\umlexp1\lib\site-packages\django\db\backends\utils.py", line 84, in _execute
    return self.cursor.execute(sql, params)
  File "C:\Users\Scarl\.conda\envs\umlexp1\lib\site-packages\django\db\utils.py", line 90, in __exit__
    raise dj_exc_value.with_traceback(traceback) from exc_value
  File "C:\Users\Scarl\.conda\envs\umlexp1\lib\site-packages\django\db\backends\utils.py", line 84, in _execute
    return self.cursor.execute(sql, params)
  File "C:\Users\Scarl\.conda\envs\umlexp1\lib\site-packages\django\db\backends\mysql\base.py", line 73, in execute
    return self.cursor.execute(query, args)
  File "C:\Users\Scarl\.conda\envs\umlexp1\lib\site-packages\pymysql\cursors.py", line 148, in execute
    result = self._query(query)
  File "C:\Users\Scarl\.conda\envs\umlexp1\lib\site-packages\pymysql\cursors.py", line 310, in _query
    conn.query(q)
  File "C:\Users\Scarl\.conda\envs\umlexp1\lib\site-packages\pymysql\connections.py", line 548, in query
    self._affected_rows = self._read_query_result(unbuffered=unbuffered)
  File "C:\Users\Scarl\.conda\envs\umlexp1\lib\site-packages\pymysql\connections.py", line 775, in _read_query_result
    result.read()
  File "C:\Users\Scarl\.conda\envs\umlexp1\lib\site-packages\pymysql\connections.py", line 1156, in read
    first_packet = self.connection._read_packet()
  File "C:\Users\Scarl\.conda\envs\umlexp1\lib\site-packages\pymysql\connections.py", line 725, in _read_packet
    packet.raise_for_error()
  File "C:\Users\Scarl\.conda\envs\umlexp1\lib\site-packages\pymysql\protocol.py", line 221, in raise_for_error
    err.raise_mysql_exception(self._data)
  File "C:\Users\Scarl\.conda\envs\umlexp1\lib\site-packages\pymysql\err.py", line 143, in raise_mysql_exception
    raise errorclass(errno, errval)
django.db.utils.ProgrammingError: (1146, "Table 'umlexp1.moments_wechatuser' doesn't exist")
], 请求URL->[/admin/moments/wechatuser/add/], 请求方法->[POST] 请求参数->[{"csrfmiddlewaretoken": "zOprhbQvCg1xSSPqAY4P3Ziz9Obg1F5AJR81ZTSxikyibMU07EZqVwXXOZKBfFGX", "user": "2", "email": "donk@666.com", "motto": "Man! What can I say!", "pic": "kobe.png", "region": "\ud83d\ude07", "_save": "\u4fdd\u5b58"}] 

ERROR [2025-06-08 13:33:11] C:\Users\Scarl\.conda\envs\umlexp1\lib\site-packages\django\utils\log.py 230 log_response 37596 33632 
 	 Internal Server Error: /admin/moments/wechatuser/add/ 
Traceback (most recent call last):
  File "C:\Users\Scarl\.conda\envs\umlexp1\lib\site-packages\django\db\backends\utils.py", line 84, in _execute
    return self.cursor.execute(sql, params)
  File "C:\Users\Scarl\.conda\envs\umlexp1\lib\site-packages\django\db\backends\mysql\base.py", line 73, in execute
    return self.cursor.execute(query, args)
  File "C:\Users\Scarl\.conda\envs\umlexp1\lib\site-packages\pymysql\cursors.py", line 148, in execute
    result = self._query(query)
  File "C:\Users\Scarl\.conda\envs\umlexp1\lib\site-packages\pymysql\cursors.py", line 310, in _query
    conn.query(q)
  File "C:\Users\Scarl\.conda\envs\umlexp1\lib\site-packages\pymysql\connections.py", line 548, in query
    self._affected_rows = self._read_query_result(unbuffered=unbuffered)
  File "C:\Users\Scarl\.conda\envs\umlexp1\lib\site-packages\pymysql\connections.py", line 775, in _read_query_result
    result.read()
  File "C:\Users\Scarl\.conda\envs\umlexp1\lib\site-packages\pymysql\connections.py", line 1156, in read
    first_packet = self.connection._read_packet()
  File "C:\Users\Scarl\.conda\envs\umlexp1\lib\site-packages\pymysql\connections.py", line 725, in _read_packet
    packet.raise_for_error()
  File "C:\Users\Scarl\.conda\envs\umlexp1\lib\site-packages\pymysql\protocol.py", line 221, in raise_for_error
    err.raise_mysql_exception(self._data)
  File "C:\Users\Scarl\.conda\envs\umlexp1\lib\site-packages\pymysql\err.py", line 143, in raise_mysql_exception
    raise errorclass(errno, errval)
pymysql.err.ProgrammingError: (1146, "Table 'umlexp1.moments_wechatuser' doesn't exist")

The above exception was the direct cause of the following exception:

Traceback (most recent call last):
  File "C:\Users\Scarl\.conda\envs\umlexp1\lib\site-packages\django\core\handlers\exception.py", line 47, in inner
    response = get_response(request)
  File "C:\Users\Scarl\.conda\envs\umlexp1\lib\site-packages\django\core\handlers\base.py", line 181, in _get_response
    response = wrapped_callback(request, *callback_args, **callback_kwargs)
  File "C:\Users\Scarl\.conda\envs\umlexp1\lib\site-packages\django\contrib\admin\options.py", line 616, in wrapper
    return self.admin_site.admin_view(view)(*args, **kwargs)
  File "C:\Users\Scarl\.conda\envs\umlexp1\lib\site-packages\django\utils\decorators.py", line 130, in _wrapped_view
    response = view_func(request, *args, **kwargs)
  File "C:\Users\Scarl\.conda\envs\umlexp1\lib\site-packages\django\views\decorators\cache.py", line 44, in _wrapped_view_func
    response = view_func(request, *args, **kwargs)
  File "C:\Users\Scarl\.conda\envs\umlexp1\lib\site-packages\django\contrib\admin\sites.py", line 232, in inner
    return view(request, *args, **kwargs)
  File "C:\Users\Scarl\.conda\envs\umlexp1\lib\site-packages\django\contrib\admin\options.py", line 1657, in add_view
    return self.changeform_view(request, None, form_url, extra_context)
  File "C:\Users\Scarl\.conda\envs\umlexp1\lib\site-packages\django\utils\decorators.py", line 43, in _wrapper
    return bound_method(*args, **kwargs)
  File "C:\Users\Scarl\.conda\envs\umlexp1\lib\site-packages\django\utils\decorators.py", line 130, in _wrapped_view
    response = view_func(request, *args, **kwargs)
  File "C:\Users\Scarl\.conda\envs\umlexp1\lib\site-packages\django\contrib\admin\options.py", line 1540, in changeform_view
    return self._changeform_view(request, object_id, form_url, extra_context)
  File "C:\Users\Scarl\.conda\envs\umlexp1\lib\site-packages\django\contrib\admin\options.py", line 1579, in _changeform_view
    form_validated = form.is_valid()
  File "C:\Users\Scarl\.conda\envs\umlexp1\lib\site-packages\django\forms\forms.py", line 175, in is_valid
    return self.is_bound and not self.errors
  File "C:\Users\Scarl\.conda\envs\umlexp1\lib\site-packages\django\forms\forms.py", line 170, in errors
    self.full_clean()
  File "C:\Users\Scarl\.conda\envs\umlexp1\lib\site-packages\django\forms\forms.py", line 374, in full_clean
    self._post_clean()
  File "C:\Users\Scarl\.conda\envs\umlexp1\lib\site-packages\django\forms\models.py", line 419, in _post_clean
    self.validate_unique()
  File "C:\Users\Scarl\.conda\envs\umlexp1\lib\site-packages\django\forms\models.py", line 428, in validate_unique
    self.instance.validate_unique(exclude=exclude)
  File "C:\Users\Scarl\.conda\envs\umlexp1\lib\site-packages\django\db\models\base.py", line 1016, in validate_unique
    errors = self._perform_unique_checks(unique_checks)
  File "C:\Users\Scarl\.conda\envs\umlexp1\lib\site-packages\django\db\models\base.py", line 1119, in _perform_unique_checks
    if qs.exists():
  File "C:\Users\Scarl\.conda\envs\umlexp1\lib\site-packages\django\db\models\query.py", line 808, in exists
    return self.query.has_results(using=self.db)
  File "C:\Users\Scarl\.conda\envs\umlexp1\lib\site-packages\django\db\models\sql\query.py", line 550, in has_results
    return compiler.has_results()
  File "C:\Users\Scarl\.conda\envs\umlexp1\lib\site-packages\django\db\models\sql\compiler.py", line 1145, in has_results
    return bool(self.execute_sql(SINGLE))
  File "C:\Users\Scarl\.conda\envs\umlexp1\lib\site-packages\django\db\models\sql\compiler.py", line 1175, in execute_sql
    cursor.execute(sql, params)
  File "C:\Users\Scarl\.conda\envs\umlexp1\lib\site-packages\django\db\backends\utils.py", line 98, in execute
    return super().execute(sql, params)
  File "C:\Users\Scarl\.conda\envs\umlexp1\lib\site-packages\django\db\backends\utils.py", line 66, in execute
    return self._execute_with_wrappers(sql, params, many=False, executor=self._execute)
  File "C:\Users\Scarl\.conda\envs\umlexp1\lib\site-packages\django\db\backends\utils.py", line 75, in _execute_with_wrappers
    return executor(sql, params, many, context)
  File "C:\Users\Scarl\.conda\envs\umlexp1\lib\site-packages\django\db\backends\utils.py", line 84, in _execute
    return self.cursor.execute(sql, params)
  File "C:\Users\Scarl\.conda\envs\umlexp1\lib\site-packages\django\db\utils.py", line 90, in __exit__
    raise dj_exc_value.with_traceback(traceback) from exc_value
  File "C:\Users\Scarl\.conda\envs\umlexp1\lib\site-packages\django\db\backends\utils.py", line 84, in _execute
    return self.cursor.execute(sql, params)
  File "C:\Users\Scarl\.conda\envs\umlexp1\lib\site-packages\django\db\backends\mysql\base.py", line 73, in execute
    return self.cursor.execute(query, args)
  File "C:\Users\Scarl\.conda\envs\umlexp1\lib\site-packages\pymysql\cursors.py", line 148, in execute
    result = self._query(query)
  File "C:\Users\Scarl\.conda\envs\umlexp1\lib\site-packages\pymysql\cursors.py", line 310, in _query
    conn.query(q)
  File "C:\Users\Scarl\.conda\envs\umlexp1\lib\site-packages\pymysql\connections.py", line 548, in query
    self._affected_rows = self._read_query_result(unbuffered=unbuffered)
  File "C:\Users\Scarl\.conda\envs\umlexp1\lib\site-packages\pymysql\connections.py", line 775, in _read_query_result
    result.read()
  File "C:\Users\Scarl\.conda\envs\umlexp1\lib\site-packages\pymysql\connections.py", line 1156, in read
    first_packet = self.connection._read_packet()
  File "C:\Users\Scarl\.conda\envs\umlexp1\lib\site-packages\pymysql\connections.py", line 725, in _read_packet
    packet.raise_for_error()
  File "C:\Users\Scarl\.conda\envs\umlexp1\lib\site-packages\pymysql\protocol.py", line 221, in raise_for_error
    err.raise_mysql_exception(self._data)
  File "C:\Users\Scarl\.conda\envs\umlexp1\lib\site-packages\pymysql\err.py", line 143, in raise_mysql_exception
    raise errorclass(errno, errval)
django.db.utils.ProgrammingError: (1146, "Table 'umlexp1.moments_wechatuser' doesn't exist")
ERROR [2025-06-08 13:42:07] C:\Users\Scarl\.conda\envs\umlexp1\lib\site-packages\blueapps\core\exceptions\middleware.py 72 process_exception 26176 42860 
 	 捕获未处理异常,异常具体堆栈->[Traceback (most recent call last):
  File "C:\Users\Scarl\.conda\envs\umlexp1\lib\site-packages\django\db\backends\utils.py", line 84, in _execute
    return self.cursor.execute(sql, params)
  File "C:\Users\Scarl\.conda\envs\umlexp1\lib\site-packages\django\db\backends\mysql\base.py", line 73, in execute
    return self.cursor.execute(query, args)
  File "C:\Users\Scarl\.conda\envs\umlexp1\lib\site-packages\pymysql\cursors.py", line 148, in execute
    result = self._query(query)
  File "C:\Users\Scarl\.conda\envs\umlexp1\lib\site-packages\pymysql\cursors.py", line 310, in _query
    conn.query(q)
  File "C:\Users\Scarl\.conda\envs\umlexp1\lib\site-packages\pymysql\connections.py", line 548, in query
    self._affected_rows = self._read_query_result(unbuffered=unbuffered)
  File "C:\Users\Scarl\.conda\envs\umlexp1\lib\site-packages\pymysql\connections.py", line 775, in _read_query_result
    result.read()
  File "C:\Users\Scarl\.conda\envs\umlexp1\lib\site-packages\pymysql\connections.py", line 1156, in read
    first_packet = self.connection._read_packet()
  File "C:\Users\Scarl\.conda\envs\umlexp1\lib\site-packages\pymysql\connections.py", line 725, in _read_packet
    packet.raise_for_error()
  File "C:\Users\Scarl\.conda\envs\umlexp1\lib\site-packages\pymysql\protocol.py", line 221, in raise_for_error
    err.raise_mysql_exception(self._data)
  File "C:\Users\Scarl\.conda\envs\umlexp1\lib\site-packages\pymysql\err.py", line 143, in raise_mysql_exception
    raise errorclass(errno, errval)
pymysql.err.ProgrammingError: (1146, "Table 'umlexp1.moments_wechatuser' doesn't exist")

The above exception was the direct cause of the following exception:

Traceback (most recent call last):
  File "C:\Users\Scarl\.conda\envs\umlexp1\lib\site-packages\django\core\handlers\base.py", line 181, in _get_response
    response = wrapped_callback(request, *callback_args, **callback_kwargs)
  File "C:\Users\Scarl\.conda\envs\umlexp1\lib\site-packages\django\contrib\admin\options.py", line 616, in wrapper
    return self.admin_site.admin_view(view)(*args, **kwargs)
  File "C:\Users\Scarl\.conda\envs\umlexp1\lib\site-packages\django\utils\decorators.py", line 130, in _wrapped_view
    response = view_func(request, *args, **kwargs)
  File "C:\Users\Scarl\.conda\envs\umlexp1\lib\site-packages\django\views\decorators\cache.py", line 44, in _wrapped_view_func
    response = view_func(request, *args, **kwargs)
  File "C:\Users\Scarl\.conda\envs\umlexp1\lib\site-packages\django\contrib\admin\sites.py", line 232, in inner
    return view(request, *args, **kwargs)
  File "C:\Users\Scarl\.conda\envs\umlexp1\lib\site-packages\django\contrib\admin\options.py", line 1657, in add_view
    return self.changeform_view(request, None, form_url, extra_context)
  File "C:\Users\Scarl\.conda\envs\umlexp1\lib\site-packages\django\utils\decorators.py", line 43, in _wrapper
    return bound_method(*args, **kwargs)
  File "C:\Users\Scarl\.conda\envs\umlexp1\lib\site-packages\django\utils\decorators.py", line 130, in _wrapped_view
    response = view_func(request, *args, **kwargs)
  File "C:\Users\Scarl\.conda\envs\umlexp1\lib\site-packages\django\contrib\admin\options.py", line 1540, in changeform_view
    return self._changeform_view(request, object_id, form_url, extra_context)
  File "C:\Users\Scarl\.conda\envs\umlexp1\lib\site-packages\django\contrib\admin\options.py", line 1579, in _changeform_view
    form_validated = form.is_valid()
  File "C:\Users\Scarl\.conda\envs\umlexp1\lib\site-packages\django\forms\forms.py", line 175, in is_valid
    return self.is_bound and not self.errors
  File "C:\Users\Scarl\.conda\envs\umlexp1\lib\site-packages\django\forms\forms.py", line 170, in errors
    self.full_clean()
  File "C:\Users\Scarl\.conda\envs\umlexp1\lib\site-packages\django\forms\forms.py", line 374, in full_clean
    self._post_clean()
  File "C:\Users\Scarl\.conda\envs\umlexp1\lib\site-packages\django\forms\models.py", line 419, in _post_clean
    self.validate_unique()
  File "C:\Users\Scarl\.conda\envs\umlexp1\lib\site-packages\django\forms\models.py", line 428, in validate_unique
    self.instance.validate_unique(exclude=exclude)
  File "C:\Users\Scarl\.conda\envs\umlexp1\lib\site-packages\django\db\models\base.py", line 1016, in validate_unique
    errors = self._perform_unique_checks(unique_checks)
  File "C:\Users\Scarl\.conda\envs\umlexp1\lib\site-packages\django\db\models\base.py", line 1119, in _perform_unique_checks
    if qs.exists():
  File "C:\Users\Scarl\.conda\envs\umlexp1\lib\site-packages\django\db\models\query.py", line 808, in exists
    return self.query.has_results(using=self.db)
  File "C:\Users\Scarl\.conda\envs\umlexp1\lib\site-packages\django\db\models\sql\query.py", line 550, in has_results
    return compiler.has_results()
  File "C:\Users\Scarl\.conda\envs\umlexp1\lib\site-packages\django\db\models\sql\compiler.py", line 1145, in has_results
    return bool(self.execute_sql(SINGLE))
  File "C:\Users\Scarl\.conda\envs\umlexp1\lib\site-packages\django\db\models\sql\compiler.py", line 1175, in execute_sql
    cursor.execute(sql, params)
  File "C:\Users\Scarl\.conda\envs\umlexp1\lib\site-packages\django\db\backends\utils.py", line 98, in execute
    return super().execute(sql, params)
  File "C:\Users\Scarl\.conda\envs\umlexp1\lib\site-packages\django\db\backends\utils.py", line 66, in execute
    return self._execute_with_wrappers(sql, params, many=False, executor=self._execute)
  File "C:\Users\Scarl\.conda\envs\umlexp1\lib\site-packages\django\db\backends\utils.py", line 75, in _execute_with_wrappers
    return executor(sql, params, many, context)
  File "C:\Users\Scarl\.conda\envs\umlexp1\lib\site-packages\django\db\backends\utils.py", line 84, in _execute
    return self.cursor.execute(sql, params)
  File "C:\Users\Scarl\.conda\envs\umlexp1\lib\site-packages\django\db\utils.py", line 90, in __exit__
    raise dj_exc_value.with_traceback(traceback) from exc_value
  File "C:\Users\Scarl\.conda\envs\umlexp1\lib\site-packages\django\db\backends\utils.py", line 84, in _execute
    return self.cursor.execute(sql, params)
  File "C:\Users\Scarl\.conda\envs\umlexp1\lib\site-packages\django\db\backends\mysql\base.py", line 73, in execute
    return self.cursor.execute(query, args)
  File "C:\Users\Scarl\.conda\envs\umlexp1\lib\site-packages\pymysql\cursors.py", line 148, in execute
    result = self._query(query)
  File "C:\Users\Scarl\.conda\envs\umlexp1\lib\site-packages\pymysql\cursors.py", line 310, in _query
    conn.query(q)
  File "C:\Users\Scarl\.conda\envs\umlexp1\lib\site-packages\pymysql\connections.py", line 548, in query
    self._affected_rows = self._read_query_result(unbuffered=unbuffered)
  File "C:\Users\Scarl\.conda\envs\umlexp1\lib\site-packages\pymysql\connections.py", line 775, in _read_query_result
    result.read()
  File "C:\Users\Scarl\.conda\envs\umlexp1\lib\site-packages\pymysql\connections.py", line 1156, in read
    first_packet = self.connection._read_packet()
  File "C:\Users\Scarl\.conda\envs\umlexp1\lib\site-packages\pymysql\connections.py", line 725, in _read_packet
    packet.raise_for_error()
  File "C:\Users\Scarl\.conda\envs\umlexp1\lib\site-packages\pymysql\protocol.py", line 221, in raise_for_error
    err.raise_mysql_exception(self._data)
  File "C:\Users\Scarl\.conda\envs\umlexp1\lib\site-packages\pymysql\err.py", line 143, in raise_mysql_exception
    raise errorclass(errno, errval)
django.db.utils.ProgrammingError: (1146, "Table 'umlexp1.moments_wechatuser' doesn't exist")
], 请求URL->[/admin/moments/wechatuser/add/], 请求方法->[POST] 请求参数->[{"csrfmiddlewaretoken": "pnOCPEMs2xyUHJVkTl4kd1HiH5GCf4YOzqxcxmOuIB5F0D0Uq1ZV5ymGmgfXt4zb", "user": "2", "email": "donk@666.com", "motto": "Man! What can I say!", "pic": "kobe.png", "region": "\ud83d\ude07", "_save": "\u4fdd\u5b58"}] 

ERROR [2025-06-08 13:42:07] C:\Users\Scarl\.conda\envs\umlexp1\lib\site-packages\django\utils\log.py 230 log_response 26176 42860 
 	 Internal Server Error: /admin/moments/wechatuser/add/ 
Traceback (most recent call last):
  File "C:\Users\Scarl\.conda\envs\umlexp1\lib\site-packages\django\db\backends\utils.py", line 84, in _execute
    return self.cursor.execute(sql, params)
  File "C:\Users\Scarl\.conda\envs\umlexp1\lib\site-packages\django\db\backends\mysql\base.py", line 73, in execute
    return self.cursor.execute(query, args)
  File "C:\Users\Scarl\.conda\envs\umlexp1\lib\site-packages\pymysql\cursors.py", line 148, in execute
    result = self._query(query)
  File "C:\Users\Scarl\.conda\envs\umlexp1\lib\site-packages\pymysql\cursors.py", line 310, in _query
    conn.query(q)
  File "C:\Users\Scarl\.conda\envs\umlexp1\lib\site-packages\pymysql\connections.py", line 548, in query
    self._affected_rows = self._read_query_result(unbuffered=unbuffered)
  File "C:\Users\Scarl\.conda\envs\umlexp1\lib\site-packages\pymysql\connections.py", line 775, in _read_query_result
    result.read()
  File "C:\Users\Scarl\.conda\envs\umlexp1\lib\site-packages\pymysql\connections.py", line 1156, in read
    first_packet = self.connection._read_packet()
  File "C:\Users\Scarl\.conda\envs\umlexp1\lib\site-packages\pymysql\connections.py", line 725, in _read_packet
    packet.raise_for_error()
  File "C:\Users\Scarl\.conda\envs\umlexp1\lib\site-packages\pymysql\protocol.py", line 221, in raise_for_error
    err.raise_mysql_exception(self._data)
  File "C:\Users\Scarl\.conda\envs\umlexp1\lib\site-packages\pymysql\err.py", line 143, in raise_mysql_exception
    raise errorclass(errno, errval)
pymysql.err.ProgrammingError: (1146, "Table 'umlexp1.moments_wechatuser' doesn't exist")

The above exception was the direct cause of the following exception:

Traceback (most recent call last):
  File "C:\Users\Scarl\.conda\envs\umlexp1\lib\site-packages\django\core\handlers\exception.py", line 47, in inner
    response = get_response(request)
  File "C:\Users\Scarl\.conda\envs\umlexp1\lib\site-packages\django\core\handlers\base.py", line 181, in _get_response
    response = wrapped_callback(request, *callback_args, **callback_kwargs)
  File "C:\Users\Scarl\.conda\envs\umlexp1\lib\site-packages\django\contrib\admin\options.py", line 616, in wrapper
    return self.admin_site.admin_view(view)(*args, **kwargs)
  File "C:\Users\Scarl\.conda\envs\umlexp1\lib\site-packages\django\utils\decorators.py", line 130, in _wrapped_view
    response = view_func(request, *args, **kwargs)
  File "C:\Users\Scarl\.conda\envs\umlexp1\lib\site-packages\django\views\decorators\cache.py", line 44, in _wrapped_view_func
    response = view_func(request, *args, **kwargs)
  File "C:\Users\Scarl\.conda\envs\umlexp1\lib\site-packages\django\contrib\admin\sites.py", line 232, in inner
    return view(request, *args, **kwargs)
  File "C:\Users\Scarl\.conda\envs\umlexp1\lib\site-packages\django\contrib\admin\options.py", line 1657, in add_view
    return self.changeform_view(request, None, form_url, extra_context)
  File "C:\Users\Scarl\.conda\envs\umlexp1\lib\site-packages\django\utils\decorators.py", line 43, in _wrapper
    return bound_method(*args, **kwargs)
  File "C:\Users\Scarl\.conda\envs\umlexp1\lib\site-packages\django\utils\decorators.py", line 130, in _wrapped_view
    response = view_func(request, *args, **kwargs)
  File "C:\Users\Scarl\.conda\envs\umlexp1\lib\site-packages\django\contrib\admin\options.py", line 1540, in changeform_view
    return self._changeform_view(request, object_id, form_url, extra_context)
  File "C:\Users\Scarl\.conda\envs\umlexp1\lib\site-packages\django\contrib\admin\options.py", line 1579, in _changeform_view
    form_validated = form.is_valid()
  File "C:\Users\Scarl\.conda\envs\umlexp1\lib\site-packages\django\forms\forms.py", line 175, in is_valid
    return self.is_bound and not self.errors
  File "C:\Users\Scarl\.conda\envs\umlexp1\lib\site-packages\django\forms\forms.py", line 170, in errors
    self.full_clean()
  File "C:\Users\Scarl\.conda\envs\umlexp1\lib\site-packages\django\forms\forms.py", line 374, in full_clean
    self._post_clean()
  File "C:\Users\Scarl\.conda\envs\umlexp1\lib\site-packages\django\forms\models.py", line 419, in _post_clean
    self.validate_unique()
  File "C:\Users\Scarl\.conda\envs\umlexp1\lib\site-packages\django\forms\models.py", line 428, in validate_unique
    self.instance.validate_unique(exclude=exclude)
  File "C:\Users\Scarl\.conda\envs\umlexp1\lib\site-packages\django\db\models\base.py", line 1016, in validate_unique
    errors = self._perform_unique_checks(unique_checks)
  File "C:\Users\Scarl\.conda\envs\umlexp1\lib\site-packages\django\db\models\base.py", line 1119, in _perform_unique_checks
    if qs.exists():
  File "C:\Users\Scarl\.conda\envs\umlexp1\lib\site-packages\django\db\models\query.py", line 808, in exists
    return self.query.has_results(using=self.db)
  File "C:\Users\Scarl\.conda\envs\umlexp1\lib\site-packages\django\db\models\sql\query.py", line 550, in has_results
    return compiler.has_results()
  File "C:\Users\Scarl\.conda\envs\umlexp1\lib\site-packages\django\db\models\sql\compiler.py", line 1145, in has_results
    return bool(self.execute_sql(SINGLE))
  File "C:\Users\Scarl\.conda\envs\umlexp1\lib\site-packages\django\db\models\sql\compiler.py", line 1175, in execute_sql
    cursor.execute(sql, params)
  File "C:\Users\Scarl\.conda\envs\umlexp1\lib\site-packages\django\db\backends\utils.py", line 98, in execute
    return super().execute(sql, params)
  File "C:\Users\Scarl\.conda\envs\umlexp1\lib\site-packages\django\db\backends\utils.py", line 66, in execute
    return self._execute_with_wrappers(sql, params, many=False, executor=self._execute)
  File "C:\Users\Scarl\.conda\envs\umlexp1\lib\site-packages\django\db\backends\utils.py", line 75, in _execute_with_wrappers
    return executor(sql, params, many, context)
  File "C:\Users\Scarl\.conda\envs\umlexp1\lib\site-packages\django\db\backends\utils.py", line 84, in _execute
    return self.cursor.execute(sql, params)
  File "C:\Users\Scarl\.conda\envs\umlexp1\lib\site-packages\django\db\utils.py", line 90, in __exit__
    raise dj_exc_value.with_traceback(traceback) from exc_value
  File "C:\Users\Scarl\.conda\envs\umlexp1\lib\site-packages\django\db\backends\utils.py", line 84, in _execute
    return self.cursor.execute(sql, params)
  File "C:\Users\Scarl\.conda\envs\umlexp1\lib\site-packages\django\db\backends\mysql\base.py", line 73, in execute
    return self.cursor.execute(query, args)
  File "C:\Users\Scarl\.conda\envs\umlexp1\lib\site-packages\pymysql\cursors.py", line 148, in execute
    result = self._query(query)
  File "C:\Users\Scarl\.conda\envs\umlexp1\lib\site-packages\pymysql\cursors.py", line 310, in _query
    conn.query(q)
  File "C:\Users\Scarl\.conda\envs\umlexp1\lib\site-packages\pymysql\connections.py", line 548, in query
    self._affected_rows = self._read_query_result(unbuffered=unbuffered)
  File "C:\Users\Scarl\.conda\envs\umlexp1\lib\site-packages\pymysql\connections.py", line 775, in _read_query_result
    result.read()
  File "C:\Users\Scarl\.conda\envs\umlexp1\lib\site-packages\pymysql\connections.py", line 1156, in read
    first_packet = self.connection._read_packet()
  File "C:\Users\Scarl\.conda\envs\umlexp1\lib\site-packages\pymysql\connections.py", line 725, in _read_packet
    packet.raise_for_error()
  File "C:\Users\Scarl\.conda\envs\umlexp1\lib\site-packages\pymysql\protocol.py", line 221, in raise_for_error
    err.raise_mysql_exception(self._data)
  File "C:\Users\Scarl\.conda\envs\umlexp1\lib\site-packages\pymysql\err.py", line 143, in raise_mysql_exception
    raise errorclass(errno, errval)
django.db.utils.ProgrammingError: (1146, "Table 'umlexp1.moments_wechatuser' doesn't exist")
ERROR [2025-06-08 14:35:31] C:\Users\Scarl\.conda\envs\umlexp1\lib\site-packages\blueapps\core\exceptions\middleware.py 72 process_exception 26176 34000 
 	 捕获未处理异常,异常具体堆栈->[Traceback (most recent call last):
  File "C:\Users\Scarl\.conda\envs\umlexp1\lib\site-packages\django\db\backends\utils.py", line 84, in _execute
    return self.cursor.execute(sql, params)
  File "C:\Users\Scarl\.conda\envs\umlexp1\lib\site-packages\django\db\backends\mysql\base.py", line 73, in execute
    return self.cursor.execute(query, args)
  File "C:\Users\Scarl\.conda\envs\umlexp1\lib\site-packages\pymysql\cursors.py", line 148, in execute
    result = self._query(query)
  File "C:\Users\Scarl\.conda\envs\umlexp1\lib\site-packages\pymysql\cursors.py", line 310, in _query
    conn.query(q)
  File "C:\Users\Scarl\.conda\envs\umlexp1\lib\site-packages\pymysql\connections.py", line 548, in query
    self._affected_rows = self._read_query_result(unbuffered=unbuffered)
  File "C:\Users\Scarl\.conda\envs\umlexp1\lib\site-packages\pymysql\connections.py", line 775, in _read_query_result
    result.read()
  File "C:\Users\Scarl\.conda\envs\umlexp1\lib\site-packages\pymysql\connections.py", line 1156, in read
    first_packet = self.connection._read_packet()
  File "C:\Users\Scarl\.conda\envs\umlexp1\lib\site-packages\pymysql\connections.py", line 725, in _read_packet
    packet.raise_for_error()
  File "C:\Users\Scarl\.conda\envs\umlexp1\lib\site-packages\pymysql\protocol.py", line 221, in raise_for_error
    err.raise_mysql_exception(self._data)
  File "C:\Users\Scarl\.conda\envs\umlexp1\lib\site-packages\pymysql\err.py", line 143, in raise_mysql_exception
    raise errorclass(errno, errval)
pymysql.err.ProgrammingError: (1146, "Table 'umlexp1.moments_wechatuser' doesn't exist")

The above exception was the direct cause of the following exception:

Traceback (most recent call last):
  File "C:\Users\Scarl\.conda\envs\umlexp1\lib\site-packages\django\core\handlers\base.py", line 204, in _get_response
    response = response.render()
  File "C:\Users\Scarl\.conda\envs\umlexp1\lib\site-packages\django\template\response.py", line 105, in render
    self.content = self.rendered_content
  File "C:\Users\Scarl\.conda\envs\umlexp1\lib\site-packages\django\template\response.py", line 83, in rendered_content
    return template.render(context, self._request)
  File "C:\Users\Scarl\.conda\envs\umlexp1\lib\site-packages\django\template\backends\django.py", line 61, in render
    return self.template.render(context)
  File "C:\Users\Scarl\.conda\envs\umlexp1\lib\site-packages\django\template\base.py", line 170, in render
    return self._render(context)
  File "C:\Users\Scarl\.conda\envs\umlexp1\lib\site-packages\django\template\base.py", line 162, in _render
    return self.nodelist.render(context)
  File "C:\Users\Scarl\.conda\envs\umlexp1\lib\site-packages\django\template\base.py", line 938, in render
    bit = node.render_annotated(context)
  File "C:\Users\Scarl\.conda\envs\umlexp1\lib\site-packages\django\template\base.py", line 905, in render_annotated
    return self.render(context)
  File "C:\Users\Scarl\.conda\envs\umlexp1\lib\site-packages\django\template\loader_tags.py", line 150, in render
    return compiled_parent._render(context)
  File "C:\Users\Scarl\.conda\envs\umlexp1\lib\site-packages\django\template\base.py", line 162, in _render
    return self.nodelist.render(context)
  File "C:\Users\Scarl\.conda\envs\umlexp1\lib\site-packages\django\template\base.py", line 938, in render
    bit = node.render_annotated(context)
  File "C:\Users\Scarl\.conda\envs\umlexp1\lib\site-packages\django\template\base.py", line 905, in render_annotated
    return self.render(context)
  File "C:\Users\Scarl\.conda\envs\umlexp1\lib\site-packages\django\template\loader_tags.py", line 150, in render
    return compiled_parent._render(context)
  File "C:\Users\Scarl\.conda\envs\umlexp1\lib\site-packages\django\template\base.py", line 162, in _render
    return self.nodelist.render(context)
  File "C:\Users\Scarl\.conda\envs\umlexp1\lib\site-packages\django\template\base.py", line 938, in render
    bit = node.render_annotated(context)
  File "C:\Users\Scarl\.conda\envs\umlexp1\lib\site-packages\django\template\base.py", line 905, in render_annotated
    return self.render(context)
  File "C:\Users\Scarl\.conda\envs\umlexp1\lib\site-packages\django\template\loader_tags.py", line 62, in render
    result = block.nodelist.render(context)
  File "C:\Users\Scarl\.conda\envs\umlexp1\lib\site-packages\django\template\base.py", line 938, in render
    bit = node.render_annotated(context)
  File "C:\Users\Scarl\.conda\envs\umlexp1\lib\site-packages\django\template\base.py", line 905, in render_annotated
    return self.render(context)
  File "C:\Users\Scarl\.conda\envs\umlexp1\lib\site-packages\django\template\loader_tags.py", line 62, in render
    result = block.nodelist.render(context)
  File "C:\Users\Scarl\.conda\envs\umlexp1\lib\site-packages\django\template\base.py", line 938, in render
    bit = node.render_annotated(context)
  File "C:\Users\Scarl\.conda\envs\umlexp1\lib\site-packages\django\template\base.py", line 905, in render_annotated
    return self.render(context)
  File "C:\Users\Scarl\.conda\envs\umlexp1\lib\site-packages\django\template\defaulttags.py", line 211, in render
    nodelist.append(node.render_annotated(context))
  File "C:\Users\Scarl\.conda\envs\umlexp1\lib\site-packages\django\template\base.py", line 905, in render_annotated
    return self.render(context)
  File "C:\Users\Scarl\.conda\envs\umlexp1\lib\site-packages\django\template\loader_tags.py", line 195, in render
    return template.render(context)
  File "C:\Users\Scarl\.conda\envs\umlexp1\lib\site-packages\django\template\base.py", line 172, in render
    return self._render(context)
  File "C:\Users\Scarl\.conda\envs\umlexp1\lib\site-packages\django\template\base.py", line 162, in _render
    return self.nodelist.render(context)
  File "C:\Users\Scarl\.conda\envs\umlexp1\lib\site-packages\django\template\base.py", line 938, in render
    bit = node.render_annotated(context)
  File "C:\Users\Scarl\.conda\envs\umlexp1\lib\site-packages\django\template\base.py", line 905, in render_annotated
    return self.render(context)
  File "C:\Users\Scarl\.conda\envs\umlexp1\lib\site-packages\django\template\defaulttags.py", line 211, in render
    nodelist.append(node.render_annotated(context))
  File "C:\Users\Scarl\.conda\envs\umlexp1\lib\site-packages\django\template\base.py", line 905, in render_annotated
    return self.render(context)
  File "C:\Users\Scarl\.conda\envs\umlexp1\lib\site-packages\django\template\defaulttags.py", line 211, in render
    nodelist.append(node.render_annotated(context))
  File "C:\Users\Scarl\.conda\envs\umlexp1\lib\site-packages\django\template\base.py", line 905, in render_annotated
    return self.render(context)
  File "C:\Users\Scarl\.conda\envs\umlexp1\lib\site-packages\django\template\defaulttags.py", line 312, in render
    return nodelist.render(context)
  File "C:\Users\Scarl\.conda\envs\umlexp1\lib\site-packages\django\template\base.py", line 938, in render
    bit = node.render_annotated(context)
  File "C:\Users\Scarl\.conda\envs\umlexp1\lib\site-packages\django\template\base.py", line 905, in render_annotated
    return self.render(context)
  File "C:\Users\Scarl\.conda\envs\umlexp1\lib\site-packages\django\template\defaulttags.py", line 312, in render
    return nodelist.render(context)
  File "C:\Users\Scarl\.conda\envs\umlexp1\lib\site-packages\django\template\base.py", line 938, in render
    bit = node.render_annotated(context)
  File "C:\Users\Scarl\.conda\envs\umlexp1\lib\site-packages\django\template\base.py", line 905, in render_annotated
    return self.render(context)
  File "C:\Users\Scarl\.conda\envs\umlexp1\lib\site-packages\django\template\base.py", line 994, in render
    return render_value_in_context(output, context)
  File "C:\Users\Scarl\.conda\envs\umlexp1\lib\site-packages\django\template\base.py", line 973, in render_value_in_context
    value = str(value)
  File "C:\Users\Scarl\.conda\envs\umlexp1\lib\site-packages\django\utils\html.py", line 376, in <lambda>
    klass.__str__ = lambda self: mark_safe(klass_str(self))
  File "C:\Users\Scarl\.conda\envs\umlexp1\lib\site-packages\django\forms\boundfield.py", line 34, in __str__
    return self.as_widget()
  File "C:\Users\Scarl\.conda\envs\umlexp1\lib\site-packages\django\forms\boundfield.py", line 97, in as_widget
    renderer=self.form.renderer,
  File "C:\Users\Scarl\.conda\envs\umlexp1\lib\site-packages\django\forms\widgets.py", line 246, in render
    context = self.get_context(name, value, attrs)
  File "C:\Users\Scarl\.conda\envs\umlexp1\lib\site-packages\django\contrib\admin\widgets.py", line 283, in get_context
    'rendered_widget': self.widget.render(name, value, attrs),
  File "C:\Users\Scarl\.conda\envs\umlexp1\lib\site-packages\django\forms\widgets.py", line 246, in render
    context = self.get_context(name, value, attrs)
  File "C:\Users\Scarl\.conda\envs\umlexp1\lib\site-packages\django\forms\widgets.py", line 683, in get_context
    context = super().get_context(name, value, attrs)
  File "C:\Users\Scarl\.conda\envs\umlexp1\lib\site-packages\django\forms\widgets.py", line 644, in get_context
    context['widget']['optgroups'] = self.optgroups(name, context['widget']['value'], attrs)
  File "C:\Users\Scarl\.conda\envs\umlexp1\lib\site-packages\django\forms\widgets.py", line 592, in optgroups
    for index, (option_value, option_label) in enumerate(self.choices):
  File "C:\Users\Scarl\.conda\envs\umlexp1\lib\site-packages\django\forms\models.py", line 1169, in __iter__
    for obj in queryset:
  File "C:\Users\Scarl\.conda\envs\umlexp1\lib\site-packages\django\db\models\query.py", line 353, in _iterator
    yield from self._iterable_class(self, chunked_fetch=use_chunked_fetch, chunk_size=chunk_size)
  File "C:\Users\Scarl\.conda\envs\umlexp1\lib\site-packages\django\db\models\query.py", line 51, in __iter__
    results = compiler.execute_sql(chunked_fetch=self.chunked_fetch, chunk_size=self.chunk_size)
  File "C:\Users\Scarl\.conda\envs\umlexp1\lib\site-packages\django\db\models\sql\compiler.py", line 1175, in execute_sql
    cursor.execute(sql, params)
  File "C:\Users\Scarl\.conda\envs\umlexp1\lib\site-packages\django\db\backends\utils.py", line 98, in execute
    return super().execute(sql, params)
  File "C:\Users\Scarl\.conda\envs\umlexp1\lib\site-packages\django\db\backends\utils.py", line 66, in execute
    return self._execute_with_wrappers(sql, params, many=False, executor=self._execute)
  File "C:\Users\Scarl\.conda\envs\umlexp1\lib\site-packages\django\db\backends\utils.py", line 75, in _execute_with_wrappers
    return executor(sql, params, many, context)
  File "C:\Users\Scarl\.conda\envs\umlexp1\lib\site-packages\django\db\backends\utils.py", line 84, in _execute
    return self.cursor.execute(sql, params)
  File "C:\Users\Scarl\.conda\envs\umlexp1\lib\site-packages\django\db\utils.py", line 90, in __exit__
    raise dj_exc_value.with_traceback(traceback) from exc_value
  File "C:\Users\Scarl\.conda\envs\umlexp1\lib\site-packages\django\db\backends\utils.py", line 84, in _execute
    return self.cursor.execute(sql, params)
  File "C:\Users\Scarl\.conda\envs\umlexp1\lib\site-packages\django\db\backends\mysql\base.py", line 73, in execute
    return self.cursor.execute(query, args)
  File "C:\Users\Scarl\.conda\envs\umlexp1\lib\site-packages\pymysql\cursors.py", line 148, in execute
    result = self._query(query)
  File "C:\Users\Scarl\.conda\envs\umlexp1\lib\site-packages\pymysql\cursors.py", line 310, in _query
    conn.query(q)
  File "C:\Users\Scarl\.conda\envs\umlexp1\lib\site-packages\pymysql\connections.py", line 548, in query
    self._affected_rows = self._read_query_result(unbuffered=unbuffered)
  File "C:\Users\Scarl\.conda\envs\umlexp1\lib\site-packages\pymysql\connections.py", line 775, in _read_query_result
    result.read()
  File "C:\Users\Scarl\.conda\envs\umlexp1\lib\site-packages\pymysql\connections.py", line 1156, in read
    first_packet = self.connection._read_packet()
  File "C:\Users\Scarl\.conda\envs\umlexp1\lib\site-packages\pymysql\connections.py", line 725, in _read_packet
    packet.raise_for_error()
  File "C:\Users\Scarl\.conda\envs\umlexp1\lib\site-packages\pymysql\protocol.py", line 221, in raise_for_error
    err.raise_mysql_exception(self._data)
  File "C:\Users\Scarl\.conda\envs\umlexp1\lib\site-packages\pymysql\err.py", line 143, in raise_mysql_exception
    raise errorclass(errno, errval)
django.db.utils.ProgrammingError: (1146, "Table 'umlexp1.moments_wechatuser' doesn't exist")
], 请求URL->[/admin/moments/status/add/], 请求方法->[GET] 请求参数->[{}] 

ERROR [2025-06-08 14:35:31] C:\Users\Scarl\.conda\envs\umlexp1\lib\site-packages\django\utils\log.py 230 log_response 26176 34000 
 	 Internal Server Error: /admin/moments/status/add/ 
Traceback (most recent call last):
  File "C:\Users\Scarl\.conda\envs\umlexp1\lib\site-packages\django\db\backends\utils.py", line 84, in _execute
    return self.cursor.execute(sql, params)
  File "C:\Users\Scarl\.conda\envs\umlexp1\lib\site-packages\django\db\backends\mysql\base.py", line 73, in execute
    return self.cursor.execute(query, args)
  File "C:\Users\Scarl\.conda\envs\umlexp1\lib\site-packages\pymysql\cursors.py", line 148, in execute
    result = self._query(query)
  File "C:\Users\Scarl\.conda\envs\umlexp1\lib\site-packages\pymysql\cursors.py", line 310, in _query
    conn.query(q)
  File "C:\Users\Scarl\.conda\envs\umlexp1\lib\site-packages\pymysql\connections.py", line 548, in query
    self._affected_rows = self._read_query_result(unbuffered=unbuffered)
  File "C:\Users\Scarl\.conda\envs\umlexp1\lib\site-packages\pymysql\connections.py", line 775, in _read_query_result
    result.read()
  File "C:\Users\Scarl\.conda\envs\umlexp1\lib\site-packages\pymysql\connections.py", line 1156, in read
    first_packet = self.connection._read_packet()
  File "C:\Users\Scarl\.conda\envs\umlexp1\lib\site-packages\pymysql\connections.py", line 725, in _read_packet
    packet.raise_for_error()
  File "C:\Users\Scarl\.conda\envs\umlexp1\lib\site-packages\pymysql\protocol.py", line 221, in raise_for_error
    err.raise_mysql_exception(self._data)
  File "C:\Users\Scarl\.conda\envs\umlexp1\lib\site-packages\pymysql\err.py", line 143, in raise_mysql_exception
    raise errorclass(errno, errval)
pymysql.err.ProgrammingError: (1146, "Table 'umlexp1.moments_wechatuser' doesn't exist")

The above exception was the direct cause of the following exception:

Traceback (most recent call last):
  File "C:\Users\Scarl\.conda\envs\umlexp1\lib\site-packages\django\core\handlers\exception.py", line 47, in inner
    response = get_response(request)
  File "C:\Users\Scarl\.conda\envs\umlexp1\lib\site-packages\django\core\handlers\base.py", line 204, in _get_response
    response = response.render()
  File "C:\Users\Scarl\.conda\envs\umlexp1\lib\site-packages\django\template\response.py", line 105, in render
    self.content = self.rendered_content
  File "C:\Users\Scarl\.conda\envs\umlexp1\lib\site-packages\django\template\response.py", line 83, in rendered_content
    return template.render(context, self._request)
  File "C:\Users\Scarl\.conda\envs\umlexp1\lib\site-packages\django\template\backends\django.py", line 61, in render
    return self.template.render(context)
  File "C:\Users\Scarl\.conda\envs\umlexp1\lib\site-packages\django\template\base.py", line 170, in render
    return self._render(context)
  File "C:\Users\Scarl\.conda\envs\umlexp1\lib\site-packages\django\template\base.py", line 162, in _render
    return self.nodelist.render(context)
  File "C:\Users\Scarl\.conda\envs\umlexp1\lib\site-packages\django\template\base.py", line 938, in render
    bit = node.render_annotated(context)
  File "C:\Users\Scarl\.conda\envs\umlexp1\lib\site-packages\django\template\base.py", line 905, in render_annotated
    return self.render(context)
  File "C:\Users\Scarl\.conda\envs\umlexp1\lib\site-packages\django\template\loader_tags.py", line 150, in render
    return compiled_parent._render(context)
  File "C:\Users\Scarl\.conda\envs\umlexp1\lib\site-packages\django\template\base.py", line 162, in _render
    return self.nodelist.render(context)
  File "C:\Users\Scarl\.conda\envs\umlexp1\lib\site-packages\django\template\base.py", line 938, in render
    bit = node.render_annotated(context)
  File "C:\Users\Scarl\.conda\envs\umlexp1\lib\site-packages\django\template\base.py", line 905, in render_annotated
    return self.render(context)
  File "C:\Users\Scarl\.conda\envs\umlexp1\lib\site-packages\django\template\loader_tags.py", line 150, in render
    return compiled_parent._render(context)
  File "C:\Users\Scarl\.conda\envs\umlexp1\lib\site-packages\django\template\base.py", line 162, in _render
    return self.nodelist.render(context)
  File "C:\Users\Scarl\.conda\envs\umlexp1\lib\site-packages\django\template\base.py", line 938, in render
    bit = node.render_annotated(context)
  File "C:\Users\Scarl\.conda\envs\umlexp1\lib\site-packages\django\template\base.py", line 905, in render_annotated
    return self.render(context)
  File "C:\Users\Scarl\.conda\envs\umlexp1\lib\site-packages\django\template\loader_tags.py", line 62, in render
    result = block.nodelist.render(context)
  File "C:\Users\Scarl\.conda\envs\umlexp1\lib\site-packages\django\template\base.py", line 938, in render
    bit = node.render_annotated(context)
  File "C:\Users\Scarl\.conda\envs\umlexp1\lib\site-packages\django\template\base.py", line 905, in render_annotated
    return self.render(context)
  File "C:\Users\Scarl\.conda\envs\umlexp1\lib\site-packages\django\template\loader_tags.py", line 62, in render
    result = block.nodelist.render(context)
  File "C:\Users\Scarl\.conda\envs\umlexp1\lib\site-packages\django\template\base.py", line 938, in render
    bit = node.render_annotated(context)
  File "C:\Users\Scarl\.conda\envs\umlexp1\lib\site-packages\django\template\base.py", line 905, in render_annotated
    return self.render(context)
  File "C:\Users\Scarl\.conda\envs\umlexp1\lib\site-packages\django\template\defaulttags.py", line 211, in render
    nodelist.append(node.render_annotated(context))
  File "C:\Users\Scarl\.conda\envs\umlexp1\lib\site-packages\django\template\base.py", line 905, in render_annotated
    return self.render(context)
  File "C:\Users\Scarl\.conda\envs\umlexp1\lib\site-packages\django\template\loader_tags.py", line 195, in render
    return template.render(context)
  File "C:\Users\Scarl\.conda\envs\umlexp1\lib\site-packages\django\template\base.py", line 172, in render
    return self._render(context)
  File "C:\Users\Scarl\.conda\envs\umlexp1\lib\site-packages\django\template\base.py", line 162, in _render
    return self.nodelist.render(context)
  File "C:\Users\Scarl\.conda\envs\umlexp1\lib\site-packages\django\template\base.py", line 938, in render
    bit = node.render_annotated(context)
  File "C:\Users\Scarl\.conda\envs\umlexp1\lib\site-packages\django\template\base.py", line 905, in render_annotated
    return self.render(context)
  File "C:\Users\Scarl\.conda\envs\umlexp1\lib\site-packages\django\template\defaulttags.py", line 211, in render
    nodelist.append(node.render_annotated(context))
  File "C:\Users\Scarl\.conda\envs\umlexp1\lib\site-packages\django\template\base.py", line 905, in render_annotated
    return self.render(context)
  File "C:\Users\Scarl\.conda\envs\umlexp1\lib\site-packages\django\template\defaulttags.py", line 211, in render
    nodelist.append(node.render_annotated(context))
  File "C:\Users\Scarl\.conda\envs\umlexp1\lib\site-packages\django\template\base.py", line 905, in render_annotated
    return self.render(context)
  File "C:\Users\Scarl\.conda\envs\umlexp1\lib\site-packages\django\template\defaulttags.py", line 312, in render
    return nodelist.render(context)
  File "C:\Users\Scarl\.conda\envs\umlexp1\lib\site-packages\django\template\base.py", line 938, in render
    bit = node.render_annotated(context)
  File "C:\Users\Scarl\.conda\envs\umlexp1\lib\site-packages\django\template\base.py", line 905, in render_annotated
    return self.render(context)
  File "C:\Users\Scarl\.conda\envs\umlexp1\lib\site-packages\django\template\defaulttags.py", line 312, in render
    return nodelist.render(context)
  File "C:\Users\Scarl\.conda\envs\umlexp1\lib\site-packages\django\template\base.py", line 938, in render
    bit = node.render_annotated(context)
  File "C:\Users\Scarl\.conda\envs\umlexp1\lib\site-packages\django\template\base.py", line 905, in render_annotated
    return self.render(context)
  File "C:\Users\Scarl\.conda\envs\umlexp1\lib\site-packages\django\template\base.py", line 994, in render
    return render_value_in_context(output, context)
  File "C:\Users\Scarl\.conda\envs\umlexp1\lib\site-packages\django\template\base.py", line 973, in render_value_in_context
    value = str(value)
  File "C:\Users\Scarl\.conda\envs\umlexp1\lib\site-packages\django\utils\html.py", line 376, in <lambda>
    klass.__str__ = lambda self: mark_safe(klass_str(self))
  File "C:\Users\Scarl\.conda\envs\umlexp1\lib\site-packages\django\forms\boundfield.py", line 34, in __str__
    return self.as_widget()
  File "C:\Users\Scarl\.conda\envs\umlexp1\lib\site-packages\django\forms\boundfield.py", line 97, in as_widget
    renderer=self.form.renderer,
  File "C:\Users\Scarl\.conda\envs\umlexp1\lib\site-packages\django\forms\widgets.py", line 246, in render
    context = self.get_context(name, value, attrs)
  File "C:\Users\Scarl\.conda\envs\umlexp1\lib\site-packages\django\contrib\admin\widgets.py", line 283, in get_context
    'rendered_widget': self.widget.render(name, value, attrs),
  File "C:\Users\Scarl\.conda\envs\umlexp1\lib\site-packages\django\forms\widgets.py", line 246, in render
    context = self.get_context(name, value, attrs)
  File "C:\Users\Scarl\.conda\envs\umlexp1\lib\site-packages\django\forms\widgets.py", line 683, in get_context
    context = super().get_context(name, value, attrs)
  File "C:\Users\Scarl\.conda\envs\umlexp1\lib\site-packages\django\forms\widgets.py", line 644, in get_context
    context['widget']['optgroups'] = self.optgroups(name, context['widget']['value'], attrs)
  File "C:\Users\Scarl\.conda\envs\umlexp1\lib\site-packages\django\forms\widgets.py", line 592, in optgroups
    for index, (option_value, option_label) in enumerate(self.choices):
  File "C:\Users\Scarl\.conda\envs\umlexp1\lib\site-packages\django\forms\models.py", line 1169, in __iter__
    for obj in queryset:
  File "C:\Users\Scarl\.conda\envs\umlexp1\lib\site-packages\django\db\models\query.py", line 353, in _iterator
    yield from self._iterable_class(self, chunked_fetch=use_chunked_fetch, chunk_size=chunk_size)
  File "C:\Users\Scarl\.conda\envs\umlexp1\lib\site-packages\django\db\models\query.py", line 51, in __iter__
    results = compiler.execute_sql(chunked_fetch=self.chunked_fetch, chunk_size=self.chunk_size)
  File "C:\Users\Scarl\.conda\envs\umlexp1\lib\site-packages\django\db\models\sql\compiler.py", line 1175, in execute_sql
    cursor.execute(sql, params)
  File "C:\Users\Scarl\.conda\envs\umlexp1\lib\site-packages\django\db\backends\utils.py", line 98, in execute
    return super().execute(sql, params)
  File "C:\Users\Scarl\.conda\envs\umlexp1\lib\site-packages\django\db\backends\utils.py", line 66, in execute
    return self._execute_with_wrappers(sql, params, many=False, executor=self._execute)
  File "C:\Users\Scarl\.conda\envs\umlexp1\lib\site-packages\django\db\backends\utils.py", line 75, in _execute_with_wrappers
    return executor(sql, params, many, context)
  File "C:\Users\Scarl\.conda\envs\umlexp1\lib\site-packages\django\db\backends\utils.py", line 84, in _execute
    return self.cursor.execute(sql, params)
  File "C:\Users\Scarl\.conda\envs\umlexp1\lib\site-packages\django\db\utils.py", line 90, in __exit__
    raise dj_exc_value.with_traceback(traceback) from exc_value
  File "C:\Users\Scarl\.conda\envs\umlexp1\lib\site-packages\django\db\backends\utils.py", line 84, in _execute
    return self.cursor.execute(sql, params)
  File "C:\Users\Scarl\.conda\envs\umlexp1\lib\site-packages\django\db\backends\mysql\base.py", line 73, in execute
    return self.cursor.execute(query, args)
  File "C:\Users\Scarl\.conda\envs\umlexp1\lib\site-packages\pymysql\cursors.py", line 148, in execute
    result = self._query(query)
  File "C:\Users\Scarl\.conda\envs\umlexp1\lib\site-packages\pymysql\cursors.py", line 310, in _query
    conn.query(q)
  File "C:\Users\Scarl\.conda\envs\umlexp1\lib\site-packages\pymysql\connections.py", line 548, in query
    self._affected_rows = self._read_query_result(unbuffered=unbuffered)
  File "C:\Users\Scarl\.conda\envs\umlexp1\lib\site-packages\pymysql\connections.py", line 775, in _read_query_result
    result.read()
  File "C:\Users\Scarl\.conda\envs\umlexp1\lib\site-packages\pymysql\connections.py", line 1156, in read
    first_packet = self.connection._read_packet()
  File "C:\Users\Scarl\.conda\envs\umlexp1\lib\site-packages\pymysql\connections.py", line 725, in _read_packet
    packet.raise_for_error()
  File "C:\Users\Scarl\.conda\envs\umlexp1\lib\site-packages\pymysql\protocol.py", line 221, in raise_for_error
    err.raise_mysql_exception(self._data)
  File "C:\Users\Scarl\.conda\envs\umlexp1\lib\site-packages\pymysql\err.py", line 143, in raise_mysql_exception
    raise errorclass(errno, errval)
django.db.utils.ProgrammingError: (1146, "Table 'umlexp1.moments_wechatuser' doesn't exist")
ERROR [2025-06-08 14:35:43] C:\Users\Scarl\.conda\envs\umlexp1\lib\site-packages\blueapps\core\exceptions\middleware.py 72 process_exception 26176 34000 
 	 捕获未处理异常,异常具体堆栈->[Traceback (most recent call last):
  File "C:\Users\Scarl\.conda\envs\umlexp1\lib\site-packages\django\db\backends\utils.py", line 84, in _execute
    return self.cursor.execute(sql, params)
  File "C:\Users\Scarl\.conda\envs\umlexp1\lib\site-packages\django\db\backends\mysql\base.py", line 73, in execute
    return self.cursor.execute(query, args)
  File "C:\Users\Scarl\.conda\envs\umlexp1\lib\site-packages\pymysql\cursors.py", line 148, in execute
    result = self._query(query)
  File "C:\Users\Scarl\.conda\envs\umlexp1\lib\site-packages\pymysql\cursors.py", line 310, in _query
    conn.query(q)
  File "C:\Users\Scarl\.conda\envs\umlexp1\lib\site-packages\pymysql\connections.py", line 548, in query
    self._affected_rows = self._read_query_result(unbuffered=unbuffered)
  File "C:\Users\Scarl\.conda\envs\umlexp1\lib\site-packages\pymysql\connections.py", line 775, in _read_query_result
    result.read()
  File "C:\Users\Scarl\.conda\envs\umlexp1\lib\site-packages\pymysql\connections.py", line 1156, in read
    first_packet = self.connection._read_packet()
  File "C:\Users\Scarl\.conda\envs\umlexp1\lib\site-packages\pymysql\connections.py", line 725, in _read_packet
    packet.raise_for_error()
  File "C:\Users\Scarl\.conda\envs\umlexp1\lib\site-packages\pymysql\protocol.py", line 221, in raise_for_error
    err.raise_mysql_exception(self._data)
  File "C:\Users\Scarl\.conda\envs\umlexp1\lib\site-packages\pymysql\err.py", line 143, in raise_mysql_exception
    raise errorclass(errno, errval)
pymysql.err.ProgrammingError: (1146, "Table 'umlexp1.moments_wechatuser' doesn't exist")

The above exception was the direct cause of the following exception:

Traceback (most recent call last):
  File "C:\Users\Scarl\.conda\envs\umlexp1\lib\site-packages\django\core\handlers\base.py", line 181, in _get_response
    response = wrapped_callback(request, *callback_args, **callback_kwargs)
  File "C:\Users\Scarl\.conda\envs\umlexp1\lib\site-packages\django\contrib\admin\options.py", line 616, in wrapper
    return self.admin_site.admin_view(view)(*args, **kwargs)
  File "C:\Users\Scarl\.conda\envs\umlexp1\lib\site-packages\django\utils\decorators.py", line 130, in _wrapped_view
    response = view_func(request, *args, **kwargs)
  File "C:\Users\Scarl\.conda\envs\umlexp1\lib\site-packages\django\views\decorators\cache.py", line 44, in _wrapped_view_func
    response = view_func(request, *args, **kwargs)
  File "C:\Users\Scarl\.conda\envs\umlexp1\lib\site-packages\django\contrib\admin\sites.py", line 232, in inner
    return view(request, *args, **kwargs)
  File "C:\Users\Scarl\.conda\envs\umlexp1\lib\site-packages\django\contrib\admin\options.py", line 1657, in add_view
    return self.changeform_view(request, None, form_url, extra_context)
  File "C:\Users\Scarl\.conda\envs\umlexp1\lib\site-packages\django\utils\decorators.py", line 43, in _wrapper
    return bound_method(*args, **kwargs)
  File "C:\Users\Scarl\.conda\envs\umlexp1\lib\site-packages\django\utils\decorators.py", line 130, in _wrapped_view
    response = view_func(request, *args, **kwargs)
  File "C:\Users\Scarl\.conda\envs\umlexp1\lib\site-packages\django\contrib\admin\options.py", line 1540, in changeform_view
    return self._changeform_view(request, object_id, form_url, extra_context)
  File "C:\Users\Scarl\.conda\envs\umlexp1\lib\site-packages\django\contrib\admin\options.py", line 1579, in _changeform_view
    form_validated = form.is_valid()
  File "C:\Users\Scarl\.conda\envs\umlexp1\lib\site-packages\django\forms\forms.py", line 175, in is_valid
    return self.is_bound and not self.errors
  File "C:\Users\Scarl\.conda\envs\umlexp1\lib\site-packages\django\forms\forms.py", line 170, in errors
    self.full_clean()
  File "C:\Users\Scarl\.conda\envs\umlexp1\lib\site-packages\django\forms\forms.py", line 374, in full_clean
    self._post_clean()
  File "C:\Users\Scarl\.conda\envs\umlexp1\lib\site-packages\django\forms\models.py", line 419, in _post_clean
    self.validate_unique()
  File "C:\Users\Scarl\.conda\envs\umlexp1\lib\site-packages\django\forms\models.py", line 428, in validate_unique
    self.instance.validate_unique(exclude=exclude)
  File "C:\Users\Scarl\.conda\envs\umlexp1\lib\site-packages\django\db\models\base.py", line 1016, in validate_unique
    errors = self._perform_unique_checks(unique_checks)
  File "C:\Users\Scarl\.conda\envs\umlexp1\lib\site-packages\django\db\models\base.py", line 1119, in _perform_unique_checks
    if qs.exists():
  File "C:\Users\Scarl\.conda\envs\umlexp1\lib\site-packages\django\db\models\query.py", line 808, in exists
    return self.query.has_results(using=self.db)
  File "C:\Users\Scarl\.conda\envs\umlexp1\lib\site-packages\django\db\models\sql\query.py", line 550, in has_results
    return compiler.has_results()
  File "C:\Users\Scarl\.conda\envs\umlexp1\lib\site-packages\django\db\models\sql\compiler.py", line 1145, in has_results
    return bool(self.execute_sql(SINGLE))
  File "C:\Users\Scarl\.conda\envs\umlexp1\lib\site-packages\django\db\models\sql\compiler.py", line 1175, in execute_sql
    cursor.execute(sql, params)
  File "C:\Users\Scarl\.conda\envs\umlexp1\lib\site-packages\django\db\backends\utils.py", line 98, in execute
    return super().execute(sql, params)
  File "C:\Users\Scarl\.conda\envs\umlexp1\lib\site-packages\django\db\backends\utils.py", line 66, in execute
    return self._execute_with_wrappers(sql, params, many=False, executor=self._execute)
  File "C:\Users\Scarl\.conda\envs\umlexp1\lib\site-packages\django\db\backends\utils.py", line 75, in _execute_with_wrappers
    return executor(sql, params, many, context)
  File "C:\Users\Scarl\.conda\envs\umlexp1\lib\site-packages\django\db\backends\utils.py", line 84, in _execute
    return self.cursor.execute(sql, params)
  File "C:\Users\Scarl\.conda\envs\umlexp1\lib\site-packages\django\db\utils.py", line 90, in __exit__
    raise dj_exc_value.with_traceback(traceback) from exc_value
  File "C:\Users\Scarl\.conda\envs\umlexp1\lib\site-packages\django\db\backends\utils.py", line 84, in _execute
    return self.cursor.execute(sql, params)
  File "C:\Users\Scarl\.conda\envs\umlexp1\lib\site-packages\django\db\backends\mysql\base.py", line 73, in execute
    return self.cursor.execute(query, args)
  File "C:\Users\Scarl\.conda\envs\umlexp1\lib\site-packages\pymysql\cursors.py", line 148, in execute
    result = self._query(query)
  File "C:\Users\Scarl\.conda\envs\umlexp1\lib\site-packages\pymysql\cursors.py", line 310, in _query
    conn.query(q)
  File "C:\Users\Scarl\.conda\envs\umlexp1\lib\site-packages\pymysql\connections.py", line 548, in query
    self._affected_rows = self._read_query_result(unbuffered=unbuffered)
  File "C:\Users\Scarl\.conda\envs\umlexp1\lib\site-packages\pymysql\connections.py", line 775, in _read_query_result
    result.read()
  File "C:\Users\Scarl\.conda\envs\umlexp1\lib\site-packages\pymysql\connections.py", line 1156, in read
    first_packet = self.connection._read_packet()
  File "C:\Users\Scarl\.conda\envs\umlexp1\lib\site-packages\pymysql\connections.py", line 725, in _read_packet
    packet.raise_for_error()
  File "C:\Users\Scarl\.conda\envs\umlexp1\lib\site-packages\pymysql\protocol.py", line 221, in raise_for_error
    err.raise_mysql_exception(self._data)
  File "C:\Users\Scarl\.conda\envs\umlexp1\lib\site-packages\pymysql\err.py", line 143, in raise_mysql_exception
    raise errorclass(errno, errval)
django.db.utils.ProgrammingError: (1146, "Table 'umlexp1.moments_wechatuser' doesn't exist")
], 请求URL->[/admin/moments/wechatuser/add/], 请求方法->[POST] 请求参数->[{"csrfmiddlewaretoken": "yQNWVKCjrgENDItscJvD0qwvkx1yNJqiITwwDsEl7kbyWCy2JpqeSXbTZIAT1J1F", "user": "2", "email": "donk@666.com", "motto": "Man! What can I say!", "pic": "kobe.png", "region": "\ud83d\ude07", "_addanother": "\u4fdd\u5b58\u5e76\u589e\u52a0\u53e6\u4e00\u4e2a"}] 

ERROR [2025-06-08 14:35:43] C:\Users\Scarl\.conda\envs\umlexp1\lib\site-packages\django\utils\log.py 230 log_response 26176 34000 
 	 Internal Server Error: /admin/moments/wechatuser/add/ 
Traceback (most recent call last):
  File "C:\Users\Scarl\.conda\envs\umlexp1\lib\site-packages\django\db\backends\utils.py", line 84, in _execute
    return self.cursor.execute(sql, params)
  File "C:\Users\Scarl\.conda\envs\umlexp1\lib\site-packages\django\db\backends\mysql\base.py", line 73, in execute
    return self.cursor.execute(query, args)
  File "C:\Users\Scarl\.conda\envs\umlexp1\lib\site-packages\pymysql\cursors.py", line 148, in execute
    result = self._query(query)
  File "C:\Users\Scarl\.conda\envs\umlexp1\lib\site-packages\pymysql\cursors.py", line 310, in _query
    conn.query(q)
  File "C:\Users\Scarl\.conda\envs\umlexp1\lib\site-packages\pymysql\connections.py", line 548, in query
    self._affected_rows = self._read_query_result(unbuffered=unbuffered)
  File "C:\Users\Scarl\.conda\envs\umlexp1\lib\site-packages\pymysql\connections.py", line 775, in _read_query_result
    result.read()
  File "C:\Users\Scarl\.conda\envs\umlexp1\lib\site-packages\pymysql\connections.py", line 1156, in read
    first_packet = self.connection._read_packet()
  File "C:\Users\Scarl\.conda\envs\umlexp1\lib\site-packages\pymysql\connections.py", line 725, in _read_packet
    packet.raise_for_error()
  File "C:\Users\Scarl\.conda\envs\umlexp1\lib\site-packages\pymysql\protocol.py", line 221, in raise_for_error
    err.raise_mysql_exception(self._data)
  File "C:\Users\Scarl\.conda\envs\umlexp1\lib\site-packages\pymysql\err.py", line 143, in raise_mysql_exception
    raise errorclass(errno, errval)
pymysql.err.ProgrammingError: (1146, "Table 'umlexp1.moments_wechatuser' doesn't exist")

The above exception was the direct cause of the following exception:

Traceback (most recent call last):
  File "C:\Users\Scarl\.conda\envs\umlexp1\lib\site-packages\django\core\handlers\exception.py", line 47, in inner
    response = get_response(request)
  File "C:\Users\Scarl\.conda\envs\umlexp1\lib\site-packages\django\core\handlers\base.py", line 181, in _get_response
    response = wrapped_callback(request, *callback_args, **callback_kwargs)
  File "C:\Users\Scarl\.conda\envs\umlexp1\lib\site-packages\django\contrib\admin\options.py", line 616, in wrapper
    return self.admin_site.admin_view(view)(*args, **kwargs)
  File "C:\Users\Scarl\.conda\envs\umlexp1\lib\site-packages\django\utils\decorators.py", line 130, in _wrapped_view
    response = view_func(request, *args, **kwargs)
  File "C:\Users\Scarl\.conda\envs\umlexp1\lib\site-packages\django\views\decorators\cache.py", line 44, in _wrapped_view_func
    response = view_func(request, *args, **kwargs)
  File "C:\Users\Scarl\.conda\envs\umlexp1\lib\site-packages\django\contrib\admin\sites.py", line 232, in inner
    return view(request, *args, **kwargs)
  File "C:\Users\Scarl\.conda\envs\umlexp1\lib\site-packages\django\contrib\admin\options.py", line 1657, in add_view
    return self.changeform_view(request, None, form_url, extra_context)
  File "C:\Users\Scarl\.conda\envs\umlexp1\lib\site-packages\django\utils\decorators.py", line 43, in _wrapper
    return bound_method(*args, **kwargs)
  File "C:\Users\Scarl\.conda\envs\umlexp1\lib\site-packages\django\utils\decorators.py", line 130, in _wrapped_view
    response = view_func(request, *args, **kwargs)
  File "C:\Users\Scarl\.conda\envs\umlexp1\lib\site-packages\django\contrib\admin\options.py", line 1540, in changeform_view
    return self._changeform_view(request, object_id, form_url, extra_context)
  File "C:\Users\Scarl\.conda\envs\umlexp1\lib\site-packages\django\contrib\admin\options.py", line 1579, in _changeform_view
    form_validated = form.is_valid()
  File "C:\Users\Scarl\.conda\envs\umlexp1\lib\site-packages\django\forms\forms.py", line 175, in is_valid
    return self.is_bound and not self.errors
  File "C:\Users\Scarl\.conda\envs\umlexp1\lib\site-packages\django\forms\forms.py", line 170, in errors
    self.full_clean()
  File "C:\Users\Scarl\.conda\envs\umlexp1\lib\site-packages\django\forms\forms.py", line 374, in full_clean
    self._post_clean()
  File "C:\Users\Scarl\.conda\envs\umlexp1\lib\site-packages\django\forms\models.py", line 419, in _post_clean
    self.validate_unique()
  File "C:\Users\Scarl\.conda\envs\umlexp1\lib\site-packages\django\forms\models.py", line 428, in validate_unique
    self.instance.validate_unique(exclude=exclude)
  File "C:\Users\Scarl\.conda\envs\umlexp1\lib\site-packages\django\db\models\base.py", line 1016, in validate_unique
    errors = self._perform_unique_checks(unique_checks)
  File "C:\Users\Scarl\.conda\envs\umlexp1\lib\site-packages\django\db\models\base.py", line 1119, in _perform_unique_checks
    if qs.exists():
  File "C:\Users\Scarl\.conda\envs\umlexp1\lib\site-packages\django\db\models\query.py", line 808, in exists
    return self.query.has_results(using=self.db)
  File "C:\Users\Scarl\.conda\envs\umlexp1\lib\site-packages\django\db\models\sql\query.py", line 550, in has_results
    return compiler.has_results()
  File "C:\Users\Scarl\.conda\envs\umlexp1\lib\site-packages\django\db\models\sql\compiler.py", line 1145, in has_results
    return bool(self.execute_sql(SINGLE))
  File "C:\Users\Scarl\.conda\envs\umlexp1\lib\site-packages\django\db\models\sql\compiler.py", line 1175, in execute_sql
    cursor.execute(sql, params)
  File "C:\Users\Scarl\.conda\envs\umlexp1\lib\site-packages\django\db\backends\utils.py", line 98, in execute
    return super().execute(sql, params)
  File "C:\Users\Scarl\.conda\envs\umlexp1\lib\site-packages\django\db\backends\utils.py", line 66, in execute
    return self._execute_with_wrappers(sql, params, many=False, executor=self._execute)
  File "C:\Users\Scarl\.conda\envs\umlexp1\lib\site-packages\django\db\backends\utils.py", line 75, in _execute_with_wrappers
    return executor(sql, params, many, context)
  File "C:\Users\Scarl\.conda\envs\umlexp1\lib\site-packages\django\db\backends\utils.py", line 84, in _execute
    return self.cursor.execute(sql, params)
  File "C:\Users\Scarl\.conda\envs\umlexp1\lib\site-packages\django\db\utils.py", line 90, in __exit__
    raise dj_exc_value.with_traceback(traceback) from exc_value
  File "C:\Users\Scarl\.conda\envs\umlexp1\lib\site-packages\django\db\backends\utils.py", line 84, in _execute
    return self.cursor.execute(sql, params)
  File "C:\Users\Scarl\.conda\envs\umlexp1\lib\site-packages\django\db\backends\mysql\base.py", line 73, in execute
    return self.cursor.execute(query, args)
  File "C:\Users\Scarl\.conda\envs\umlexp1\lib\site-packages\pymysql\cursors.py", line 148, in execute
    result = self._query(query)
  File "C:\Users\Scarl\.conda\envs\umlexp1\lib\site-packages\pymysql\cursors.py", line 310, in _query
    conn.query(q)
  File "C:\Users\Scarl\.conda\envs\umlexp1\lib\site-packages\pymysql\connections.py", line 548, in query
    self._affected_rows = self._read_query_result(unbuffered=unbuffered)
  File "C:\Users\Scarl\.conda\envs\umlexp1\lib\site-packages\pymysql\connections.py", line 775, in _read_query_result
    result.read()
  File "C:\Users\Scarl\.conda\envs\umlexp1\lib\site-packages\pymysql\connections.py", line 1156, in read
    first_packet = self.connection._read_packet()
  File "C:\Users\Scarl\.conda\envs\umlexp1\lib\site-packages\pymysql\connections.py", line 725, in _read_packet
    packet.raise_for_error()
  File "C:\Users\Scarl\.conda\envs\umlexp1\lib\site-packages\pymysql\protocol.py", line 221, in raise_for_error
    err.raise_mysql_exception(self._data)
  File "C:\Users\Scarl\.conda\envs\umlexp1\lib\site-packages\pymysql\err.py", line 143, in raise_mysql_exception
    raise errorclass(errno, errval)
django.db.utils.ProgrammingError: (1146, "Table 'umlexp1.moments_wechatuser' doesn't exist")
ERROR [2025-06-08 14:36:18] C:\Users\Scarl\.conda\envs\umlexp1\lib\site-packages\blueapps\core\exceptions\middleware.py 72 process_exception 26176 34000 
 	 捕获未处理异常,异常具体堆栈->[Traceback (most recent call last):
  File "C:\Users\Scarl\.conda\envs\umlexp1\lib\site-packages\django\db\backends\utils.py", line 84, in _execute
    return self.cursor.execute(sql, params)
  File "C:\Users\Scarl\.conda\envs\umlexp1\lib\site-packages\django\db\backends\mysql\base.py", line 73, in execute
    return self.cursor.execute(query, args)
  File "C:\Users\Scarl\.conda\envs\umlexp1\lib\site-packages\pymysql\cursors.py", line 148, in execute
    result = self._query(query)
  File "C:\Users\Scarl\.conda\envs\umlexp1\lib\site-packages\pymysql\cursors.py", line 310, in _query
    conn.query(q)
  File "C:\Users\Scarl\.conda\envs\umlexp1\lib\site-packages\pymysql\connections.py", line 548, in query
    self._affected_rows = self._read_query_result(unbuffered=unbuffered)
  File "C:\Users\Scarl\.conda\envs\umlexp1\lib\site-packages\pymysql\connections.py", line 775, in _read_query_result
    result.read()
  File "C:\Users\Scarl\.conda\envs\umlexp1\lib\site-packages\pymysql\connections.py", line 1156, in read
    first_packet = self.connection._read_packet()
  File "C:\Users\Scarl\.conda\envs\umlexp1\lib\site-packages\pymysql\connections.py", line 725, in _read_packet
    packet.raise_for_error()
  File "C:\Users\Scarl\.conda\envs\umlexp1\lib\site-packages\pymysql\protocol.py", line 221, in raise_for_error
    err.raise_mysql_exception(self._data)
  File "C:\Users\Scarl\.conda\envs\umlexp1\lib\site-packages\pymysql\err.py", line 143, in raise_mysql_exception
    raise errorclass(errno, errval)
pymysql.err.ProgrammingError: (1146, "Table 'umlexp1.moments_wechatuser' doesn't exist")

The above exception was the direct cause of the following exception:

Traceback (most recent call last):
  File "C:\Users\Scarl\.conda\envs\umlexp1\lib\site-packages\django\core\handlers\base.py", line 181, in _get_response
    response = wrapped_callback(request, *callback_args, **callback_kwargs)
  File "C:\Users\Scarl\.conda\envs\umlexp1\lib\site-packages\django\contrib\admin\options.py", line 616, in wrapper
    return self.admin_site.admin_view(view)(*args, **kwargs)
  File "C:\Users\Scarl\.conda\envs\umlexp1\lib\site-packages\django\utils\decorators.py", line 130, in _wrapped_view
    response = view_func(request, *args, **kwargs)
  File "C:\Users\Scarl\.conda\envs\umlexp1\lib\site-packages\django\views\decorators\cache.py", line 44, in _wrapped_view_func
    response = view_func(request, *args, **kwargs)
  File "C:\Users\Scarl\.conda\envs\umlexp1\lib\site-packages\django\contrib\admin\sites.py", line 232, in inner
    return view(request, *args, **kwargs)
  File "C:\Users\Scarl\.conda\envs\umlexp1\lib\site-packages\django\contrib\admin\options.py", line 1657, in add_view
    return self.changeform_view(request, None, form_url, extra_context)
  File "C:\Users\Scarl\.conda\envs\umlexp1\lib\site-packages\django\utils\decorators.py", line 43, in _wrapper
    return bound_method(*args, **kwargs)
  File "C:\Users\Scarl\.conda\envs\umlexp1\lib\site-packages\django\utils\decorators.py", line 130, in _wrapped_view
    response = view_func(request, *args, **kwargs)
  File "C:\Users\Scarl\.conda\envs\umlexp1\lib\site-packages\django\contrib\admin\options.py", line 1540, in changeform_view
    return self._changeform_view(request, object_id, form_url, extra_context)
  File "C:\Users\Scarl\.conda\envs\umlexp1\lib\site-packages\django\contrib\admin\options.py", line 1579, in _changeform_view
    form_validated = form.is_valid()
  File "C:\Users\Scarl\.conda\envs\umlexp1\lib\site-packages\django\forms\forms.py", line 175, in is_valid
    return self.is_bound and not self.errors
  File "C:\Users\Scarl\.conda\envs\umlexp1\lib\site-packages\django\forms\forms.py", line 170, in errors
    self.full_clean()
  File "C:\Users\Scarl\.conda\envs\umlexp1\lib\site-packages\django\forms\forms.py", line 374, in full_clean
    self._post_clean()
  File "C:\Users\Scarl\.conda\envs\umlexp1\lib\site-packages\django\forms\models.py", line 419, in _post_clean
    self.validate_unique()
  File "C:\Users\Scarl\.conda\envs\umlexp1\lib\site-packages\django\forms\models.py", line 428, in validate_unique
    self.instance.validate_unique(exclude=exclude)
  File "C:\Users\Scarl\.conda\envs\umlexp1\lib\site-packages\django\db\models\base.py", line 1016, in validate_unique
    errors = self._perform_unique_checks(unique_checks)
  File "C:\Users\Scarl\.conda\envs\umlexp1\lib\site-packages\django\db\models\base.py", line 1119, in _perform_unique_checks
    if qs.exists():
  File "C:\Users\Scarl\.conda\envs\umlexp1\lib\site-packages\django\db\models\query.py", line 808, in exists
    return self.query.has_results(using=self.db)
  File "C:\Users\Scarl\.conda\envs\umlexp1\lib\site-packages\django\db\models\sql\query.py", line 550, in has_results
    return compiler.has_results()
  File "C:\Users\Scarl\.conda\envs\umlexp1\lib\site-packages\django\db\models\sql\compiler.py", line 1145, in has_results
    return bool(self.execute_sql(SINGLE))
  File "C:\Users\Scarl\.conda\envs\umlexp1\lib\site-packages\django\db\models\sql\compiler.py", line 1175, in execute_sql
    cursor.execute(sql, params)
  File "C:\Users\Scarl\.conda\envs\umlexp1\lib\site-packages\django\db\backends\utils.py", line 98, in execute
    return super().execute(sql, params)
  File "C:\Users\Scarl\.conda\envs\umlexp1\lib\site-packages\django\db\backends\utils.py", line 66, in execute
    return self._execute_with_wrappers(sql, params, many=False, executor=self._execute)
  File "C:\Users\Scarl\.conda\envs\umlexp1\lib\site-packages\django\db\backends\utils.py", line 75, in _execute_with_wrappers
    return executor(sql, params, many, context)
  File "C:\Users\Scarl\.conda\envs\umlexp1\lib\site-packages\django\db\backends\utils.py", line 84, in _execute
    return self.cursor.execute(sql, params)
  File "C:\Users\Scarl\.conda\envs\umlexp1\lib\site-packages\django\db\utils.py", line 90, in __exit__
    raise dj_exc_value.with_traceback(traceback) from exc_value
  File "C:\Users\Scarl\.conda\envs\umlexp1\lib\site-packages\django\db\backends\utils.py", line 84, in _execute
    return self.cursor.execute(sql, params)
  File "C:\Users\Scarl\.conda\envs\umlexp1\lib\site-packages\django\db\backends\mysql\base.py", line 73, in execute
    return self.cursor.execute(query, args)
  File "C:\Users\Scarl\.conda\envs\umlexp1\lib\site-packages\pymysql\cursors.py", line 148, in execute
    result = self._query(query)
  File "C:\Users\Scarl\.conda\envs\umlexp1\lib\site-packages\pymysql\cursors.py", line 310, in _query
    conn.query(q)
  File "C:\Users\Scarl\.conda\envs\umlexp1\lib\site-packages\pymysql\connections.py", line 548, in query
    self._affected_rows = self._read_query_result(unbuffered=unbuffered)
  File "C:\Users\Scarl\.conda\envs\umlexp1\lib\site-packages\pymysql\connections.py", line 775, in _read_query_result
    result.read()
  File "C:\Users\Scarl\.conda\envs\umlexp1\lib\site-packages\pymysql\connections.py", line 1156, in read
    first_packet = self.connection._read_packet()
  File "C:\Users\Scarl\.conda\envs\umlexp1\lib\site-packages\pymysql\connections.py", line 725, in _read_packet
    packet.raise_for_error()
  File "C:\Users\Scarl\.conda\envs\umlexp1\lib\site-packages\pymysql\protocol.py", line 221, in raise_for_error
    err.raise_mysql_exception(self._data)
  File "C:\Users\Scarl\.conda\envs\umlexp1\lib\site-packages\pymysql\err.py", line 143, in raise_mysql_exception
    raise errorclass(errno, errval)
django.db.utils.ProgrammingError: (1146, "Table 'umlexp1.moments_wechatuser' doesn't exist")
], 请求URL->[/admin/moments/wechatuser/add/], 请求方法->[POST] 请求参数->[{"csrfmiddlewaretoken": "MHI8ky4MmkKeTug3EH85hq47qk2qYrhzWKrI2g6O2ohZcolDbn3G9XJv5vBLcrSW", "user": "2", "email": "donk@666.com", "motto": "Man! What can I say!", "pic": "kobe.png", "region": "\ud83d\ude07", "_addanother": "\u4fdd\u5b58\u5e76\u589e\u52a0\u53e6\u4e00\u4e2a"}] 

ERROR [2025-06-08 14:36:18] C:\Users\Scarl\.conda\envs\umlexp1\lib\site-packages\django\utils\log.py 230 log_response 26176 34000 
 	 Internal Server Error: /admin/moments/wechatuser/add/ 
Traceback (most recent call last):
  File "C:\Users\Scarl\.conda\envs\umlexp1\lib\site-packages\django\db\backends\utils.py", line 84, in _execute
    return self.cursor.execute(sql, params)
  File "C:\Users\Scarl\.conda\envs\umlexp1\lib\site-packages\django\db\backends\mysql\base.py", line 73, in execute
    return self.cursor.execute(query, args)
  File "C:\Users\Scarl\.conda\envs\umlexp1\lib\site-packages\pymysql\cursors.py", line 148, in execute
    result = self._query(query)
  File "C:\Users\Scarl\.conda\envs\umlexp1\lib\site-packages\pymysql\cursors.py", line 310, in _query
    conn.query(q)
  File "C:\Users\Scarl\.conda\envs\umlexp1\lib\site-packages\pymysql\connections.py", line 548, in query
    self._affected_rows = self._read_query_result(unbuffered=unbuffered)
  File "C:\Users\Scarl\.conda\envs\umlexp1\lib\site-packages\pymysql\connections.py", line 775, in _read_query_result
    result.read()
  File "C:\Users\Scarl\.conda\envs\umlexp1\lib\site-packages\pymysql\connections.py", line 1156, in read
    first_packet = self.connection._read_packet()
  File "C:\Users\Scarl\.conda\envs\umlexp1\lib\site-packages\pymysql\connections.py", line 725, in _read_packet
    packet.raise_for_error()
  File "C:\Users\Scarl\.conda\envs\umlexp1\lib\site-packages\pymysql\protocol.py", line 221, in raise_for_error
    err.raise_mysql_exception(self._data)
  File "C:\Users\Scarl\.conda\envs\umlexp1\lib\site-packages\pymysql\err.py", line 143, in raise_mysql_exception
    raise errorclass(errno, errval)
pymysql.err.ProgrammingError: (1146, "Table 'umlexp1.moments_wechatuser' doesn't exist")

The above exception was the direct cause of the following exception:

Traceback (most recent call last):
  File "C:\Users\Scarl\.conda\envs\umlexp1\lib\site-packages\django\core\handlers\exception.py", line 47, in inner
    response = get_response(request)
  File "C:\Users\Scarl\.conda\envs\umlexp1\lib\site-packages\django\core\handlers\base.py", line 181, in _get_response
    response = wrapped_callback(request, *callback_args, **callback_kwargs)
  File "C:\Users\Scarl\.conda\envs\umlexp1\lib\site-packages\django\contrib\admin\options.py", line 616, in wrapper
    return self.admin_site.admin_view(view)(*args, **kwargs)
  File "C:\Users\Scarl\.conda\envs\umlexp1\lib\site-packages\django\utils\decorators.py", line 130, in _wrapped_view
    response = view_func(request, *args, **kwargs)
  File "C:\Users\Scarl\.conda\envs\umlexp1\lib\site-packages\django\views\decorators\cache.py", line 44, in _wrapped_view_func
    response = view_func(request, *args, **kwargs)
  File "C:\Users\Scarl\.conda\envs\umlexp1\lib\site-packages\django\contrib\admin\sites.py", line 232, in inner
    return view(request, *args, **kwargs)
  File "C:\Users\Scarl\.conda\envs\umlexp1\lib\site-packages\django\contrib\admin\options.py", line 1657, in add_view
    return self.changeform_view(request, None, form_url, extra_context)
  File "C:\Users\Scarl\.conda\envs\umlexp1\lib\site-packages\django\utils\decorators.py", line 43, in _wrapper
    return bound_method(*args, **kwargs)
  File "C:\Users\Scarl\.conda\envs\umlexp1\lib\site-packages\django\utils\decorators.py", line 130, in _wrapped_view
    response = view_func(request, *args, **kwargs)
  File "C:\Users\Scarl\.conda\envs\umlexp1\lib\site-packages\django\contrib\admin\options.py", line 1540, in changeform_view
    return self._changeform_view(request, object_id, form_url, extra_context)
  File "C:\Users\Scarl\.conda\envs\umlexp1\lib\site-packages\django\contrib\admin\options.py", line 1579, in _changeform_view
    form_validated = form.is_valid()
  File "C:\Users\Scarl\.conda\envs\umlexp1\lib\site-packages\django\forms\forms.py", line 175, in is_valid
    return self.is_bound and not self.errors
  File "C:\Users\Scarl\.conda\envs\umlexp1\lib\site-packages\django\forms\forms.py", line 170, in errors
    self.full_clean()
  File "C:\Users\Scarl\.conda\envs\umlexp1\lib\site-packages\django\forms\forms.py", line 374, in full_clean
    self._post_clean()
  File "C:\Users\Scarl\.conda\envs\umlexp1\lib\site-packages\django\forms\models.py", line 419, in _post_clean
    self.validate_unique()
  File "C:\Users\Scarl\.conda\envs\umlexp1\lib\site-packages\django\forms\models.py", line 428, in validate_unique
    self.instance.validate_unique(exclude=exclude)
  File "C:\Users\Scarl\.conda\envs\umlexp1\lib\site-packages\django\db\models\base.py", line 1016, in validate_unique
    errors = self._perform_unique_checks(unique_checks)
  File "C:\Users\Scarl\.conda\envs\umlexp1\lib\site-packages\django\db\models\base.py", line 1119, in _perform_unique_checks
    if qs.exists():
  File "C:\Users\Scarl\.conda\envs\umlexp1\lib\site-packages\django\db\models\query.py", line 808, in exists
    return self.query.has_results(using=self.db)
  File "C:\Users\Scarl\.conda\envs\umlexp1\lib\site-packages\django\db\models\sql\query.py", line 550, in has_results
    return compiler.has_results()
  File "C:\Users\Scarl\.conda\envs\umlexp1\lib\site-packages\django\db\models\sql\compiler.py", line 1145, in has_results
    return bool(self.execute_sql(SINGLE))
  File "C:\Users\Scarl\.conda\envs\umlexp1\lib\site-packages\django\db\models\sql\compiler.py", line 1175, in execute_sql
    cursor.execute(sql, params)
  File "C:\Users\Scarl\.conda\envs\umlexp1\lib\site-packages\django\db\backends\utils.py", line 98, in execute
    return super().execute(sql, params)
  File "C:\Users\Scarl\.conda\envs\umlexp1\lib\site-packages\django\db\backends\utils.py", line 66, in execute
    return self._execute_with_wrappers(sql, params, many=False, executor=self._execute)
  File "C:\Users\Scarl\.conda\envs\umlexp1\lib\site-packages\django\db\backends\utils.py", line 75, in _execute_with_wrappers
    return executor(sql, params, many, context)
  File "C:\Users\Scarl\.conda\envs\umlexp1\lib\site-packages\django\db\backends\utils.py", line 84, in _execute
    return self.cursor.execute(sql, params)
  File "C:\Users\Scarl\.conda\envs\umlexp1\lib\site-packages\django\db\utils.py", line 90, in __exit__
    raise dj_exc_value.with_traceback(traceback) from exc_value
  File "C:\Users\Scarl\.conda\envs\umlexp1\lib\site-packages\django\db\backends\utils.py", line 84, in _execute
    return self.cursor.execute(sql, params)
  File "C:\Users\Scarl\.conda\envs\umlexp1\lib\site-packages\django\db\backends\mysql\base.py", line 73, in execute
    return self.cursor.execute(query, args)
  File "C:\Users\Scarl\.conda\envs\umlexp1\lib\site-packages\pymysql\cursors.py", line 148, in execute
    result = self._query(query)
  File "C:\Users\Scarl\.conda\envs\umlexp1\lib\site-packages\pymysql\cursors.py", line 310, in _query
    conn.query(q)
  File "C:\Users\Scarl\.conda\envs\umlexp1\lib\site-packages\pymysql\connections.py", line 548, in query
    self._affected_rows = self._read_query_result(unbuffered=unbuffered)
  File "C:\Users\Scarl\.conda\envs\umlexp1\lib\site-packages\pymysql\connections.py", line 775, in _read_query_result
    result.read()
  File "C:\Users\Scarl\.conda\envs\umlexp1\lib\site-packages\pymysql\connections.py", line 1156, in read
    first_packet = self.connection._read_packet()
  File "C:\Users\Scarl\.conda\envs\umlexp1\lib\site-packages\pymysql\connections.py", line 725, in _read_packet
    packet.raise_for_error()
  File "C:\Users\Scarl\.conda\envs\umlexp1\lib\site-packages\pymysql\protocol.py", line 221, in raise_for_error
    err.raise_mysql_exception(self._data)
  File "C:\Users\Scarl\.conda\envs\umlexp1\lib\site-packages\pymysql\err.py", line 143, in raise_mysql_exception
    raise errorclass(errno, errval)
django.db.utils.ProgrammingError: (1146, "Table 'umlexp1.moments_wechatuser' doesn't exist")
ERROR [2025-06-08 14:41:32] C:\Users\Scarl\.conda\envs\umlexp1\lib\site-packages\blueapps\core\exceptions\middleware.py 72 process_exception 2784 45688 
 	 捕获未处理异常,异常具体堆栈->[Traceback (most recent call last):
  File "C:\Users\Scarl\.conda\envs\umlexp1\lib\site-packages\django\db\backends\utils.py", line 84, in _execute
    return self.cursor.execute(sql, params)
  File "C:\Users\Scarl\.conda\envs\umlexp1\lib\site-packages\django\db\backends\mysql\base.py", line 73, in execute
    return self.cursor.execute(query, args)
  File "C:\Users\Scarl\.conda\envs\umlexp1\lib\site-packages\pymysql\cursors.py", line 148, in execute
    result = self._query(query)
  File "C:\Users\Scarl\.conda\envs\umlexp1\lib\site-packages\pymysql\cursors.py", line 310, in _query
    conn.query(q)
  File "C:\Users\Scarl\.conda\envs\umlexp1\lib\site-packages\pymysql\connections.py", line 548, in query
    self._affected_rows = self._read_query_result(unbuffered=unbuffered)
  File "C:\Users\Scarl\.conda\envs\umlexp1\lib\site-packages\pymysql\connections.py", line 775, in _read_query_result
    result.read()
  File "C:\Users\Scarl\.conda\envs\umlexp1\lib\site-packages\pymysql\connections.py", line 1156, in read
    first_packet = self.connection._read_packet()
  File "C:\Users\Scarl\.conda\envs\umlexp1\lib\site-packages\pymysql\connections.py", line 725, in _read_packet
    packet.raise_for_error()
  File "C:\Users\Scarl\.conda\envs\umlexp1\lib\site-packages\pymysql\protocol.py", line 221, in raise_for_error
    err.raise_mysql_exception(self._data)
  File "C:\Users\Scarl\.conda\envs\umlexp1\lib\site-packages\pymysql\err.py", line 143, in raise_mysql_exception
    raise errorclass(errno, errval)
pymysql.err.ProgrammingError: (1146, "Table 'umlexp1.moments_wechatuser' doesn't exist")

The above exception was the direct cause of the following exception:

Traceback (most recent call last):
  File "C:\Users\Scarl\.conda\envs\umlexp1\lib\site-packages\django\core\handlers\base.py", line 181, in _get_response
    response = wrapped_callback(request, *callback_args, **callback_kwargs)
  File "C:\Users\Scarl\.conda\envs\umlexp1\lib\site-packages\django\contrib\admin\options.py", line 616, in wrapper
    return self.admin_site.admin_view(view)(*args, **kwargs)
  File "C:\Users\Scarl\.conda\envs\umlexp1\lib\site-packages\django\utils\decorators.py", line 130, in _wrapped_view
    response = view_func(request, *args, **kwargs)
  File "C:\Users\Scarl\.conda\envs\umlexp1\lib\site-packages\django\views\decorators\cache.py", line 44, in _wrapped_view_func
    response = view_func(request, *args, **kwargs)
  File "C:\Users\Scarl\.conda\envs\umlexp1\lib\site-packages\django\contrib\admin\sites.py", line 232, in inner
    return view(request, *args, **kwargs)
  File "C:\Users\Scarl\.conda\envs\umlexp1\lib\site-packages\django\contrib\admin\options.py", line 1657, in add_view
    return self.changeform_view(request, None, form_url, extra_context)
  File "C:\Users\Scarl\.conda\envs\umlexp1\lib\site-packages\django\utils\decorators.py", line 43, in _wrapper
    return bound_method(*args, **kwargs)
  File "C:\Users\Scarl\.conda\envs\umlexp1\lib\site-packages\django\utils\decorators.py", line 130, in _wrapped_view
    response = view_func(request, *args, **kwargs)
  File "C:\Users\Scarl\.conda\envs\umlexp1\lib\site-packages\django\contrib\admin\options.py", line 1540, in changeform_view
    return self._changeform_view(request, object_id, form_url, extra_context)
  File "C:\Users\Scarl\.conda\envs\umlexp1\lib\site-packages\django\contrib\admin\options.py", line 1579, in _changeform_view
    form_validated = form.is_valid()
  File "C:\Users\Scarl\.conda\envs\umlexp1\lib\site-packages\django\forms\forms.py", line 175, in is_valid
    return self.is_bound and not self.errors
  File "C:\Users\Scarl\.conda\envs\umlexp1\lib\site-packages\django\forms\forms.py", line 170, in errors
    self.full_clean()
  File "C:\Users\Scarl\.conda\envs\umlexp1\lib\site-packages\django\forms\forms.py", line 374, in full_clean
    self._post_clean()
  File "C:\Users\Scarl\.conda\envs\umlexp1\lib\site-packages\django\forms\models.py", line 419, in _post_clean
    self.validate_unique()
  File "C:\Users\Scarl\.conda\envs\umlexp1\lib\site-packages\django\forms\models.py", line 428, in validate_unique
    self.instance.validate_unique(exclude=exclude)
  File "C:\Users\Scarl\.conda\envs\umlexp1\lib\site-packages\django\db\models\base.py", line 1016, in validate_unique
    errors = self._perform_unique_checks(unique_checks)
  File "C:\Users\Scarl\.conda\envs\umlexp1\lib\site-packages\django\db\models\base.py", line 1119, in _perform_unique_checks
    if qs.exists():
  File "C:\Users\Scarl\.conda\envs\umlexp1\lib\site-packages\django\db\models\query.py", line 808, in exists
    return self.query.has_results(using=self.db)
  File "C:\Users\Scarl\.conda\envs\umlexp1\lib\site-packages\django\db\models\sql\query.py", line 550, in has_results
    return compiler.has_results()
  File "C:\Users\Scarl\.conda\envs\umlexp1\lib\site-packages\django\db\models\sql\compiler.py", line 1145, in has_results
    return bool(self.execute_sql(SINGLE))
  File "C:\Users\Scarl\.conda\envs\umlexp1\lib\site-packages\django\db\models\sql\compiler.py", line 1175, in execute_sql
    cursor.execute(sql, params)
  File "C:\Users\Scarl\.conda\envs\umlexp1\lib\site-packages\django\db\backends\utils.py", line 98, in execute
    return super().execute(sql, params)
  File "C:\Users\Scarl\.conda\envs\umlexp1\lib\site-packages\django\db\backends\utils.py", line 66, in execute
    return self._execute_with_wrappers(sql, params, many=False, executor=self._execute)
  File "C:\Users\Scarl\.conda\envs\umlexp1\lib\site-packages\django\db\backends\utils.py", line 75, in _execute_with_wrappers
    return executor(sql, params, many, context)
  File "C:\Users\Scarl\.conda\envs\umlexp1\lib\site-packages\django\db\backends\utils.py", line 84, in _execute
    return self.cursor.execute(sql, params)
  File "C:\Users\Scarl\.conda\envs\umlexp1\lib\site-packages\django\db\utils.py", line 90, in __exit__
    raise dj_exc_value.with_traceback(traceback) from exc_value
  File "C:\Users\Scarl\.conda\envs\umlexp1\lib\site-packages\django\db\backends\utils.py", line 84, in _execute
    return self.cursor.execute(sql, params)
  File "C:\Users\Scarl\.conda\envs\umlexp1\lib\site-packages\django\db\backends\mysql\base.py", line 73, in execute
    return self.cursor.execute(query, args)
  File "C:\Users\Scarl\.conda\envs\umlexp1\lib\site-packages\pymysql\cursors.py", line 148, in execute
    result = self._query(query)
  File "C:\Users\Scarl\.conda\envs\umlexp1\lib\site-packages\pymysql\cursors.py", line 310, in _query
    conn.query(q)
  File "C:\Users\Scarl\.conda\envs\umlexp1\lib\site-packages\pymysql\connections.py", line 548, in query
    self._affected_rows = self._read_query_result(unbuffered=unbuffered)
  File "C:\Users\Scarl\.conda\envs\umlexp1\lib\site-packages\pymysql\connections.py", line 775, in _read_query_result
    result.read()
  File "C:\Users\Scarl\.conda\envs\umlexp1\lib\site-packages\pymysql\connections.py", line 1156, in read
    first_packet = self.connection._read_packet()
  File "C:\Users\Scarl\.conda\envs\umlexp1\lib\site-packages\pymysql\connections.py", line 725, in _read_packet
    packet.raise_for_error()
  File "C:\Users\Scarl\.conda\envs\umlexp1\lib\site-packages\pymysql\protocol.py", line 221, in raise_for_error
    err.raise_mysql_exception(self._data)
  File "C:\Users\Scarl\.conda\envs\umlexp1\lib\site-packages\pymysql\err.py", line 143, in raise_mysql_exception
    raise errorclass(errno, errval)
django.db.utils.ProgrammingError: (1146, "Table 'umlexp1.moments_wechatuser' doesn't exist")
], 请求URL->[/admin/moments/wechatuser/add/], 请求方法->[POST] 请求参数->[{"csrfmiddlewaretoken": "8aRrLjWnGUXbBXj6aowCAvOpf8TM2fh5idA1t1YpmYuWURoGH4rds2tNUjs7gfSs", "user": "1", "email": "donk@666.com", "motto": "Man! What can I say!", "pic": "kobe.png", "region": "\ud83d\ude07", "_save": "\u4fdd\u5b58"}] 

ERROR [2025-06-08 14:41:32] C:\Users\Scarl\.conda\envs\umlexp1\lib\site-packages\django\utils\log.py 230 log_response 2784 45688 
 	 Internal Server Error: /admin/moments/wechatuser/add/ 
Traceback (most recent call last):
  File "C:\Users\Scarl\.conda\envs\umlexp1\lib\site-packages\django\db\backends\utils.py", line 84, in _execute
    return self.cursor.execute(sql, params)
  File "C:\Users\Scarl\.conda\envs\umlexp1\lib\site-packages\django\db\backends\mysql\base.py", line 73, in execute
    return self.cursor.execute(query, args)
  File "C:\Users\Scarl\.conda\envs\umlexp1\lib\site-packages\pymysql\cursors.py", line 148, in execute
    result = self._query(query)
  File "C:\Users\Scarl\.conda\envs\umlexp1\lib\site-packages\pymysql\cursors.py", line 310, in _query
    conn.query(q)
  File "C:\Users\Scarl\.conda\envs\umlexp1\lib\site-packages\pymysql\connections.py", line 548, in query
    self._affected_rows = self._read_query_result(unbuffered=unbuffered)
  File "C:\Users\Scarl\.conda\envs\umlexp1\lib\site-packages\pymysql\connections.py", line 775, in _read_query_result
    result.read()
  File "C:\Users\Scarl\.conda\envs\umlexp1\lib\site-packages\pymysql\connections.py", line 1156, in read
    first_packet = self.connection._read_packet()
  File "C:\Users\Scarl\.conda\envs\umlexp1\lib\site-packages\pymysql\connections.py", line 725, in _read_packet
    packet.raise_for_error()
  File "C:\Users\Scarl\.conda\envs\umlexp1\lib\site-packages\pymysql\protocol.py", line 221, in raise_for_error
    err.raise_mysql_exception(self._data)
  File "C:\Users\Scarl\.conda\envs\umlexp1\lib\site-packages\pymysql\err.py", line 143, in raise_mysql_exception
    raise errorclass(errno, errval)
pymysql.err.ProgrammingError: (1146, "Table 'umlexp1.moments_wechatuser' doesn't exist")

The above exception was the direct cause of the following exception:

Traceback (most recent call last):
  File "C:\Users\Scarl\.conda\envs\umlexp1\lib\site-packages\django\core\handlers\exception.py", line 47, in inner
    response = get_response(request)
  File "C:\Users\Scarl\.conda\envs\umlexp1\lib\site-packages\django\core\handlers\base.py", line 181, in _get_response
    response = wrapped_callback(request, *callback_args, **callback_kwargs)
  File "C:\Users\Scarl\.conda\envs\umlexp1\lib\site-packages\django\contrib\admin\options.py", line 616, in wrapper
    return self.admin_site.admin_view(view)(*args, **kwargs)
  File "C:\Users\Scarl\.conda\envs\umlexp1\lib\site-packages\django\utils\decorators.py", line 130, in _wrapped_view
    response = view_func(request, *args, **kwargs)
  File "C:\Users\Scarl\.conda\envs\umlexp1\lib\site-packages\django\views\decorators\cache.py", line 44, in _wrapped_view_func
    response = view_func(request, *args, **kwargs)
  File "C:\Users\Scarl\.conda\envs\umlexp1\lib\site-packages\django\contrib\admin\sites.py", line 232, in inner
    return view(request, *args, **kwargs)
  File "C:\Users\Scarl\.conda\envs\umlexp1\lib\site-packages\django\contrib\admin\options.py", line 1657, in add_view
    return self.changeform_view(request, None, form_url, extra_context)
  File "C:\Users\Scarl\.conda\envs\umlexp1\lib\site-packages\django\utils\decorators.py", line 43, in _wrapper
    return bound_method(*args, **kwargs)
  File "C:\Users\Scarl\.conda\envs\umlexp1\lib\site-packages\django\utils\decorators.py", line 130, in _wrapped_view
    response = view_func(request, *args, **kwargs)
  File "C:\Users\Scarl\.conda\envs\umlexp1\lib\site-packages\django\contrib\admin\options.py", line 1540, in changeform_view
    return self._changeform_view(request, object_id, form_url, extra_context)
  File "C:\Users\Scarl\.conda\envs\umlexp1\lib\site-packages\django\contrib\admin\options.py", line 1579, in _changeform_view
    form_validated = form.is_valid()
  File "C:\Users\Scarl\.conda\envs\umlexp1\lib\site-packages\django\forms\forms.py", line 175, in is_valid
    return self.is_bound and not self.errors
  File "C:\Users\Scarl\.conda\envs\umlexp1\lib\site-packages\django\forms\forms.py", line 170, in errors
    self.full_clean()
  File "C:\Users\Scarl\.conda\envs\umlexp1\lib\site-packages\django\forms\forms.py", line 374, in full_clean
    self._post_clean()
  File "C:\Users\Scarl\.conda\envs\umlexp1\lib\site-packages\django\forms\models.py", line 419, in _post_clean
    self.validate_unique()
  File "C:\Users\Scarl\.conda\envs\umlexp1\lib\site-packages\django\forms\models.py", line 428, in validate_unique
    self.instance.validate_unique(exclude=exclude)
  File "C:\Users\Scarl\.conda\envs\umlexp1\lib\site-packages\django\db\models\base.py", line 1016, in validate_unique
    errors = self._perform_unique_checks(unique_checks)
  File "C:\Users\Scarl\.conda\envs\umlexp1\lib\site-packages\django\db\models\base.py", line 1119, in _perform_unique_checks
    if qs.exists():
  File "C:\Users\Scarl\.conda\envs\umlexp1\lib\site-packages\django\db\models\query.py", line 808, in exists
    return self.query.has_results(using=self.db)
  File "C:\Users\Scarl\.conda\envs\umlexp1\lib\site-packages\django\db\models\sql\query.py", line 550, in has_results
    return compiler.has_results()
  File "C:\Users\Scarl\.conda\envs\umlexp1\lib\site-packages\django\db\models\sql\compiler.py", line 1145, in has_results
    return bool(self.execute_sql(SINGLE))
  File "C:\Users\Scarl\.conda\envs\umlexp1\lib\site-packages\django\db\models\sql\compiler.py", line 1175, in execute_sql
    cursor.execute(sql, params)
  File "C:\Users\Scarl\.conda\envs\umlexp1\lib\site-packages\django\db\backends\utils.py", line 98, in execute
    return super().execute(sql, params)
  File "C:\Users\Scarl\.conda\envs\umlexp1\lib\site-packages\django\db\backends\utils.py", line 66, in execute
    return self._execute_with_wrappers(sql, params, many=False, executor=self._execute)
  File "C:\Users\Scarl\.conda\envs\umlexp1\lib\site-packages\django\db\backends\utils.py", line 75, in _execute_with_wrappers
    return executor(sql, params, many, context)
  File "C:\Users\Scarl\.conda\envs\umlexp1\lib\site-packages\django\db\backends\utils.py", line 84, in _execute
    return self.cursor.execute(sql, params)
  File "C:\Users\Scarl\.conda\envs\umlexp1\lib\site-packages\django\db\utils.py", line 90, in __exit__
    raise dj_exc_value.with_traceback(traceback) from exc_value
  File "C:\Users\Scarl\.conda\envs\umlexp1\lib\site-packages\django\db\backends\utils.py", line 84, in _execute
    return self.cursor.execute(sql, params)
  File "C:\Users\Scarl\.conda\envs\umlexp1\lib\site-packages\django\db\backends\mysql\base.py", line 73, in execute
    return self.cursor.execute(query, args)
  File "C:\Users\Scarl\.conda\envs\umlexp1\lib\site-packages\pymysql\cursors.py", line 148, in execute
    result = self._query(query)
  File "C:\Users\Scarl\.conda\envs\umlexp1\lib\site-packages\pymysql\cursors.py", line 310, in _query
    conn.query(q)
  File "C:\Users\Scarl\.conda\envs\umlexp1\lib\site-packages\pymysql\connections.py", line 548, in query
    self._affected_rows = self._read_query_result(unbuffered=unbuffered)
  File "C:\Users\Scarl\.conda\envs\umlexp1\lib\site-packages\pymysql\connections.py", line 775, in _read_query_result
    result.read()
  File "C:\Users\Scarl\.conda\envs\umlexp1\lib\site-packages\pymysql\connections.py", line 1156, in read
    first_packet = self.connection._read_packet()
  File "C:\Users\Scarl\.conda\envs\umlexp1\lib\site-packages\pymysql\connections.py", line 725, in _read_packet
    packet.raise_for_error()
  File "C:\Users\Scarl\.conda\envs\umlexp1\lib\site-packages\pymysql\protocol.py", line 221, in raise_for_error
    err.raise_mysql_exception(self._data)
  File "C:\Users\Scarl\.conda\envs\umlexp1\lib\site-packages\pymysql\err.py", line 143, in raise_mysql_exception
    raise errorclass(errno, errval)
django.db.utils.ProgrammingError: (1146, "Table 'umlexp1.moments_wechatuser' doesn't exist")
ERROR [2025-06-08 14:52:31] C:\Users\Scarl\.conda\envs\umlexp1\lib\site-packages\blueapps\core\exceptions\middleware.py 72 process_exception 42568 38516 
 	 捕获未处理异常,异常具体堆栈->[Traceback (most recent call last):
  File "C:\Users\Scarl\.conda\envs\umlexp1\lib\site-packages\django\db\backends\utils.py", line 84, in _execute
    return self.cursor.execute(sql, params)
  File "C:\Users\Scarl\.conda\envs\umlexp1\lib\site-packages\django\db\backends\mysql\base.py", line 73, in execute
    return self.cursor.execute(query, args)
  File "C:\Users\Scarl\.conda\envs\umlexp1\lib\site-packages\pymysql\cursors.py", line 148, in execute
    result = self._query(query)
  File "C:\Users\Scarl\.conda\envs\umlexp1\lib\site-packages\pymysql\cursors.py", line 310, in _query
    conn.query(q)
  File "C:\Users\Scarl\.conda\envs\umlexp1\lib\site-packages\pymysql\connections.py", line 548, in query
    self._affected_rows = self._read_query_result(unbuffered=unbuffered)
  File "C:\Users\Scarl\.conda\envs\umlexp1\lib\site-packages\pymysql\connections.py", line 775, in _read_query_result
    result.read()
  File "C:\Users\Scarl\.conda\envs\umlexp1\lib\site-packages\pymysql\connections.py", line 1156, in read
    first_packet = self.connection._read_packet()
  File "C:\Users\Scarl\.conda\envs\umlexp1\lib\site-packages\pymysql\connections.py", line 725, in _read_packet
    packet.raise_for_error()
  File "C:\Users\Scarl\.conda\envs\umlexp1\lib\site-packages\pymysql\protocol.py", line 221, in raise_for_error
    err.raise_mysql_exception(self._data)
  File "C:\Users\Scarl\.conda\envs\umlexp1\lib\site-packages\pymysql\err.py", line 143, in raise_mysql_exception
    raise errorclass(errno, errval)
pymysql.err.ProgrammingError: (1146, "Table 'umlexp1.moments_wechatuser' doesn't exist")

The above exception was the direct cause of the following exception:

Traceback (most recent call last):
  File "C:\Users\Scarl\.conda\envs\umlexp1\lib\site-packages\django\core\handlers\base.py", line 181, in _get_response
    response = wrapped_callback(request, *callback_args, **callback_kwargs)
  File "C:\Users\Scarl\.conda\envs\umlexp1\lib\site-packages\django\contrib\admin\options.py", line 616, in wrapper
    return self.admin_site.admin_view(view)(*args, **kwargs)
  File "C:\Users\Scarl\.conda\envs\umlexp1\lib\site-packages\django\utils\decorators.py", line 130, in _wrapped_view
    response = view_func(request, *args, **kwargs)
  File "C:\Users\Scarl\.conda\envs\umlexp1\lib\site-packages\django\views\decorators\cache.py", line 44, in _wrapped_view_func
    response = view_func(request, *args, **kwargs)
  File "C:\Users\Scarl\.conda\envs\umlexp1\lib\site-packages\django\contrib\admin\sites.py", line 232, in inner
    return view(request, *args, **kwargs)
  File "C:\Users\Scarl\.conda\envs\umlexp1\lib\site-packages\django\contrib\admin\options.py", line 1657, in add_view
    return self.changeform_view(request, None, form_url, extra_context)
  File "C:\Users\Scarl\.conda\envs\umlexp1\lib\site-packages\django\utils\decorators.py", line 43, in _wrapper
    return bound_method(*args, **kwargs)
  File "C:\Users\Scarl\.conda\envs\umlexp1\lib\site-packages\django\utils\decorators.py", line 130, in _wrapped_view
    response = view_func(request, *args, **kwargs)
  File "C:\Users\Scarl\.conda\envs\umlexp1\lib\site-packages\django\contrib\admin\options.py", line 1540, in changeform_view
    return self._changeform_view(request, object_id, form_url, extra_context)
  File "C:\Users\Scarl\.conda\envs\umlexp1\lib\site-packages\django\contrib\admin\options.py", line 1579, in _changeform_view
    form_validated = form.is_valid()
  File "C:\Users\Scarl\.conda\envs\umlexp1\lib\site-packages\django\forms\forms.py", line 175, in is_valid
    return self.is_bound and not self.errors
  File "C:\Users\Scarl\.conda\envs\umlexp1\lib\site-packages\django\forms\forms.py", line 170, in errors
    self.full_clean()
  File "C:\Users\Scarl\.conda\envs\umlexp1\lib\site-packages\django\forms\forms.py", line 374, in full_clean
    self._post_clean()
  File "C:\Users\Scarl\.conda\envs\umlexp1\lib\site-packages\django\forms\models.py", line 419, in _post_clean
    self.validate_unique()
  File "C:\Users\Scarl\.conda\envs\umlexp1\lib\site-packages\django\forms\models.py", line 428, in validate_unique
    self.instance.validate_unique(exclude=exclude)
  File "C:\Users\Scarl\.conda\envs\umlexp1\lib\site-packages\django\db\models\base.py", line 1016, in validate_unique
    errors = self._perform_unique_checks(unique_checks)
  File "C:\Users\Scarl\.conda\envs\umlexp1\lib\site-packages\django\db\models\base.py", line 1119, in _perform_unique_checks
    if qs.exists():
  File "C:\Users\Scarl\.conda\envs\umlexp1\lib\site-packages\django\db\models\query.py", line 808, in exists
    return self.query.has_results(using=self.db)
  File "C:\Users\Scarl\.conda\envs\umlexp1\lib\site-packages\django\db\models\sql\query.py", line 550, in has_results
    return compiler.has_results()
  File "C:\Users\Scarl\.conda\envs\umlexp1\lib\site-packages\django\db\models\sql\compiler.py", line 1145, in has_results
    return bool(self.execute_sql(SINGLE))
  File "C:\Users\Scarl\.conda\envs\umlexp1\lib\site-packages\django\db\models\sql\compiler.py", line 1175, in execute_sql
    cursor.execute(sql, params)
  File "C:\Users\Scarl\.conda\envs\umlexp1\lib\site-packages\django\db\backends\utils.py", line 98, in execute
    return super().execute(sql, params)
  File "C:\Users\Scarl\.conda\envs\umlexp1\lib\site-packages\django\db\backends\utils.py", line 66, in execute
    return self._execute_with_wrappers(sql, params, many=False, executor=self._execute)
  File "C:\Users\Scarl\.conda\envs\umlexp1\lib\site-packages\django\db\backends\utils.py", line 75, in _execute_with_wrappers
    return executor(sql, params, many, context)
  File "C:\Users\Scarl\.conda\envs\umlexp1\lib\site-packages\django\db\backends\utils.py", line 84, in _execute
    return self.cursor.execute(sql, params)
  File "C:\Users\Scarl\.conda\envs\umlexp1\lib\site-packages\django\db\utils.py", line 90, in __exit__
    raise dj_exc_value.with_traceback(traceback) from exc_value
  File "C:\Users\Scarl\.conda\envs\umlexp1\lib\site-packages\django\db\backends\utils.py", line 84, in _execute
    return self.cursor.execute(sql, params)
  File "C:\Users\Scarl\.conda\envs\umlexp1\lib\site-packages\django\db\backends\mysql\base.py", line 73, in execute
    return self.cursor.execute(query, args)
  File "C:\Users\Scarl\.conda\envs\umlexp1\lib\site-packages\pymysql\cursors.py", line 148, in execute
    result = self._query(query)
  File "C:\Users\Scarl\.conda\envs\umlexp1\lib\site-packages\pymysql\cursors.py", line 310, in _query
    conn.query(q)
  File "C:\Users\Scarl\.conda\envs\umlexp1\lib\site-packages\pymysql\connections.py", line 548, in query
    self._affected_rows = self._read_query_result(unbuffered=unbuffered)
  File "C:\Users\Scarl\.conda\envs\umlexp1\lib\site-packages\pymysql\connections.py", line 775, in _read_query_result
    result.read()
  File "C:\Users\Scarl\.conda\envs\umlexp1\lib\site-packages\pymysql\connections.py", line 1156, in read
    first_packet = self.connection._read_packet()
  File "C:\Users\Scarl\.conda\envs\umlexp1\lib\site-packages\pymysql\connections.py", line 725, in _read_packet
    packet.raise_for_error()
  File "C:\Users\Scarl\.conda\envs\umlexp1\lib\site-packages\pymysql\protocol.py", line 221, in raise_for_error
    err.raise_mysql_exception(self._data)
  File "C:\Users\Scarl\.conda\envs\umlexp1\lib\site-packages\pymysql\err.py", line 143, in raise_mysql_exception
    raise errorclass(errno, errval)
django.db.utils.ProgrammingError: (1146, "Table 'umlexp1.moments_wechatuser' doesn't exist")
], 请求URL->[/admin/moments/wechatuser/add/], 请求方法->[POST] 请求参数->[{"csrfmiddlewaretoken": "6LPJOOvtIvb7cQibjRcHaNpNJWl2Hx2YgOyjwwxvozISvKnLQx7i2k4bo7UnVxDl", "user": "2", "email": "donk@666.com", "motto": "Man! What can I say!", "pic": "kobe.png", "region": "\ud83d\ude07", "_save": "\u4fdd\u5b58"}] 

ERROR [2025-06-08 14:52:31] C:\Users\Scarl\.conda\envs\umlexp1\lib\site-packages\django\utils\log.py 230 log_response 42568 38516 
 	 Internal Server Error: /admin/moments/wechatuser/add/ 
Traceback (most recent call last):
  File "C:\Users\Scarl\.conda\envs\umlexp1\lib\site-packages\django\db\backends\utils.py", line 84, in _execute
    return self.cursor.execute(sql, params)
  File "C:\Users\Scarl\.conda\envs\umlexp1\lib\site-packages\django\db\backends\mysql\base.py", line 73, in execute
    return self.cursor.execute(query, args)
  File "C:\Users\Scarl\.conda\envs\umlexp1\lib\site-packages\pymysql\cursors.py", line 148, in execute
    result = self._query(query)
  File "C:\Users\Scarl\.conda\envs\umlexp1\lib\site-packages\pymysql\cursors.py", line 310, in _query
    conn.query(q)
  File "C:\Users\Scarl\.conda\envs\umlexp1\lib\site-packages\pymysql\connections.py", line 548, in query
    self._affected_rows = self._read_query_result(unbuffered=unbuffered)
  File "C:\Users\Scarl\.conda\envs\umlexp1\lib\site-packages\pymysql\connections.py", line 775, in _read_query_result
    result.read()
  File "C:\Users\Scarl\.conda\envs\umlexp1\lib\site-packages\pymysql\connections.py", line 1156, in read
    first_packet = self.connection._read_packet()
  File "C:\Users\Scarl\.conda\envs\umlexp1\lib\site-packages\pymysql\connections.py", line 725, in _read_packet
    packet.raise_for_error()
  File "C:\Users\Scarl\.conda\envs\umlexp1\lib\site-packages\pymysql\protocol.py", line 221, in raise_for_error
    err.raise_mysql_exception(self._data)
  File "C:\Users\Scarl\.conda\envs\umlexp1\lib\site-packages\pymysql\err.py", line 143, in raise_mysql_exception
    raise errorclass(errno, errval)
pymysql.err.ProgrammingError: (1146, "Table 'umlexp1.moments_wechatuser' doesn't exist")

The above exception was the direct cause of the following exception:

Traceback (most recent call last):
  File "C:\Users\Scarl\.conda\envs\umlexp1\lib\site-packages\django\core\handlers\exception.py", line 47, in inner
    response = get_response(request)
  File "C:\Users\Scarl\.conda\envs\umlexp1\lib\site-packages\django\core\handlers\base.py", line 181, in _get_response
    response = wrapped_callback(request, *callback_args, **callback_kwargs)
  File "C:\Users\Scarl\.conda\envs\umlexp1\lib\site-packages\django\contrib\admin\options.py", line 616, in wrapper
    return self.admin_site.admin_view(view)(*args, **kwargs)
  File "C:\Users\Scarl\.conda\envs\umlexp1\lib\site-packages\django\utils\decorators.py", line 130, in _wrapped_view
    response = view_func(request, *args, **kwargs)
  File "C:\Users\Scarl\.conda\envs\umlexp1\lib\site-packages\django\views\decorators\cache.py", line 44, in _wrapped_view_func
    response = view_func(request, *args, **kwargs)
  File "C:\Users\Scarl\.conda\envs\umlexp1\lib\site-packages\django\contrib\admin\sites.py", line 232, in inner
    return view(request, *args, **kwargs)
  File "C:\Users\Scarl\.conda\envs\umlexp1\lib\site-packages\django\contrib\admin\options.py", line 1657, in add_view
    return self.changeform_view(request, None, form_url, extra_context)
  File "C:\Users\Scarl\.conda\envs\umlexp1\lib\site-packages\django\utils\decorators.py", line 43, in _wrapper
    return bound_method(*args, **kwargs)
  File "C:\Users\Scarl\.conda\envs\umlexp1\lib\site-packages\django\utils\decorators.py", line 130, in _wrapped_view
    response = view_func(request, *args, **kwargs)
  File "C:\Users\Scarl\.conda\envs\umlexp1\lib\site-packages\django\contrib\admin\options.py", line 1540, in changeform_view
    return self._changeform_view(request, object_id, form_url, extra_context)
  File "C:\Users\Scarl\.conda\envs\umlexp1\lib\site-packages\django\contrib\admin\options.py", line 1579, in _changeform_view
    form_validated = form.is_valid()
  File "C:\Users\Scarl\.conda\envs\umlexp1\lib\site-packages\django\forms\forms.py", line 175, in is_valid
    return self.is_bound and not self.errors
  File "C:\Users\Scarl\.conda\envs\umlexp1\lib\site-packages\django\forms\forms.py", line 170, in errors
    self.full_clean()
  File "C:\Users\Scarl\.conda\envs\umlexp1\lib\site-packages\django\forms\forms.py", line 374, in full_clean
    self._post_clean()
  File "C:\Users\Scarl\.conda\envs\umlexp1\lib\site-packages\django\forms\models.py", line 419, in _post_clean
    self.validate_unique()
  File "C:\Users\Scarl\.conda\envs\umlexp1\lib\site-packages\django\forms\models.py", line 428, in validate_unique
    self.instance.validate_unique(exclude=exclude)
  File "C:\Users\Scarl\.conda\envs\umlexp1\lib\site-packages\django\db\models\base.py", line 1016, in validate_unique
    errors = self._perform_unique_checks(unique_checks)
  File "C:\Users\Scarl\.conda\envs\umlexp1\lib\site-packages\django\db\models\base.py", line 1119, in _perform_unique_checks
    if qs.exists():
  File "C:\Users\Scarl\.conda\envs\umlexp1\lib\site-packages\django\db\models\query.py", line 808, in exists
    return self.query.has_results(using=self.db)
  File "C:\Users\Scarl\.conda\envs\umlexp1\lib\site-packages\django\db\models\sql\query.py", line 550, in has_results
    return compiler.has_results()
  File "C:\Users\Scarl\.conda\envs\umlexp1\lib\site-packages\django\db\models\sql\compiler.py", line 1145, in has_results
    return bool(self.execute_sql(SINGLE))
  File "C:\Users\Scarl\.conda\envs\umlexp1\lib\site-packages\django\db\models\sql\compiler.py", line 1175, in execute_sql
    cursor.execute(sql, params)
  File "C:\Users\Scarl\.conda\envs\umlexp1\lib\site-packages\django\db\backends\utils.py", line 98, in execute
    return super().execute(sql, params)
  File "C:\Users\Scarl\.conda\envs\umlexp1\lib\site-packages\django\db\backends\utils.py", line 66, in execute
    return self._execute_with_wrappers(sql, params, many=False, executor=self._execute)
  File "C:\Users\Scarl\.conda\envs\umlexp1\lib\site-packages\django\db\backends\utils.py", line 75, in _execute_with_wrappers
    return executor(sql, params, many, context)
  File "C:\Users\Scarl\.conda\envs\umlexp1\lib\site-packages\django\db\backends\utils.py", line 84, in _execute
    return self.cursor.execute(sql, params)
  File "C:\Users\Scarl\.conda\envs\umlexp1\lib\site-packages\django\db\utils.py", line 90, in __exit__
    raise dj_exc_value.with_traceback(traceback) from exc_value
  File "C:\Users\Scarl\.conda\envs\umlexp1\lib\site-packages\django\db\backends\utils.py", line 84, in _execute
    return self.cursor.execute(sql, params)
  File "C:\Users\Scarl\.conda\envs\umlexp1\lib\site-packages\django\db\backends\mysql\base.py", line 73, in execute
    return self.cursor.execute(query, args)
  File "C:\Users\Scarl\.conda\envs\umlexp1\lib\site-packages\pymysql\cursors.py", line 148, in execute
    result = self._query(query)
  File "C:\Users\Scarl\.conda\envs\umlexp1\lib\site-packages\pymysql\cursors.py", line 310, in _query
    conn.query(q)
  File "C:\Users\Scarl\.conda\envs\umlexp1\lib\site-packages\pymysql\connections.py", line 548, in query
    self._affected_rows = self._read_query_result(unbuffered=unbuffered)
  File "C:\Users\Scarl\.conda\envs\umlexp1\lib\site-packages\pymysql\connections.py", line 775, in _read_query_result
    result.read()
  File "C:\Users\Scarl\.conda\envs\umlexp1\lib\site-packages\pymysql\connections.py", line 1156, in read
    first_packet = self.connection._read_packet()
  File "C:\Users\Scarl\.conda\envs\umlexp1\lib\site-packages\pymysql\connections.py", line 725, in _read_packet
    packet.raise_for_error()
  File "C:\Users\Scarl\.conda\envs\umlexp1\lib\site-packages\pymysql\protocol.py", line 221, in raise_for_error
    err.raise_mysql_exception(self._data)
  File "C:\Users\Scarl\.conda\envs\umlexp1\lib\site-packages\pymysql\err.py", line 143, in raise_mysql_exception
    raise errorclass(errno, errval)
django.db.utils.ProgrammingError: (1146, "Table 'umlexp1.moments_wechatuser' doesn't exist")
ERROR [2025-06-08 14:54:43] C:\Users\Scarl\.conda\envs\umlexp1\lib\site-packages\blueapps\core\exceptions\middleware.py 72 process_exception 35984 43240 
 	 捕获未处理异常,异常具体堆栈->[Traceback (most recent call last):
  File "C:\Users\Scarl\.conda\envs\umlexp1\lib\site-packages\django\db\backends\utils.py", line 84, in _execute
    return self.cursor.execute(sql, params)
  File "C:\Users\Scarl\.conda\envs\umlexp1\lib\site-packages\django\db\backends\mysql\base.py", line 73, in execute
    return self.cursor.execute(query, args)
  File "C:\Users\Scarl\.conda\envs\umlexp1\lib\site-packages\pymysql\cursors.py", line 148, in execute
    result = self._query(query)
  File "C:\Users\Scarl\.conda\envs\umlexp1\lib\site-packages\pymysql\cursors.py", line 310, in _query
    conn.query(q)
  File "C:\Users\Scarl\.conda\envs\umlexp1\lib\site-packages\pymysql\connections.py", line 548, in query
    self._affected_rows = self._read_query_result(unbuffered=unbuffered)
  File "C:\Users\Scarl\.conda\envs\umlexp1\lib\site-packages\pymysql\connections.py", line 775, in _read_query_result
    result.read()
  File "C:\Users\Scarl\.conda\envs\umlexp1\lib\site-packages\pymysql\connections.py", line 1156, in read
    first_packet = self.connection._read_packet()
  File "C:\Users\Scarl\.conda\envs\umlexp1\lib\site-packages\pymysql\connections.py", line 725, in _read_packet
    packet.raise_for_error()
  File "C:\Users\Scarl\.conda\envs\umlexp1\lib\site-packages\pymysql\protocol.py", line 221, in raise_for_error
    err.raise_mysql_exception(self._data)
  File "C:\Users\Scarl\.conda\envs\umlexp1\lib\site-packages\pymysql\err.py", line 143, in raise_mysql_exception
    raise errorclass(errno, errval)
pymysql.err.ProgrammingError: (1146, "Table 'umlexp1.moments_wechatuser' doesn't exist")

The above exception was the direct cause of the following exception:

Traceback (most recent call last):
  File "C:\Users\Scarl\.conda\envs\umlexp1\lib\site-packages\django\core\handlers\base.py", line 181, in _get_response
    response = wrapped_callback(request, *callback_args, **callback_kwargs)
  File "E:\codeF\django\uml实训一\umlexp1\moments\views.py", line 13, in show_user
    wechat_user = WeChatUser.objects.get(user_id=user_id)
  File "C:\Users\Scarl\.conda\envs\umlexp1\lib\site-packages\django\db\models\manager.py", line 85, in manager_method
    return getattr(self.get_queryset(), name)(*args, **kwargs)
  File "C:\Users\Scarl\.conda\envs\umlexp1\lib\site-packages\django\db\models\query.py", line 431, in get
    num = len(clone)
  File "C:\Users\Scarl\.conda\envs\umlexp1\lib\site-packages\django\db\models\query.py", line 262, in __len__
    self._fetch_all()
  File "C:\Users\Scarl\.conda\envs\umlexp1\lib\site-packages\django\db\models\query.py", line 1324, in _fetch_all
    self._result_cache = list(self._iterable_class(self))
  File "C:\Users\Scarl\.conda\envs\umlexp1\lib\site-packages\django\db\models\query.py", line 51, in __iter__
    results = compiler.execute_sql(chunked_fetch=self.chunked_fetch, chunk_size=self.chunk_size)
  File "C:\Users\Scarl\.conda\envs\umlexp1\lib\site-packages\django\db\models\sql\compiler.py", line 1175, in execute_sql
    cursor.execute(sql, params)
  File "C:\Users\Scarl\.conda\envs\umlexp1\lib\site-packages\django\db\backends\utils.py", line 98, in execute
    return super().execute(sql, params)
  File "C:\Users\Scarl\.conda\envs\umlexp1\lib\site-packages\django\db\backends\utils.py", line 66, in execute
    return self._execute_with_wrappers(sql, params, many=False, executor=self._execute)
  File "C:\Users\Scarl\.conda\envs\umlexp1\lib\site-packages\django\db\backends\utils.py", line 75, in _execute_with_wrappers
    return executor(sql, params, many, context)
  File "C:\Users\Scarl\.conda\envs\umlexp1\lib\site-packages\django\db\backends\utils.py", line 84, in _execute
    return self.cursor.execute(sql, params)
  File "C:\Users\Scarl\.conda\envs\umlexp1\lib\site-packages\django\db\utils.py", line 90, in __exit__
    raise dj_exc_value.with_traceback(traceback) from exc_value
  File "C:\Users\Scarl\.conda\envs\umlexp1\lib\site-packages\django\db\backends\utils.py", line 84, in _execute
    return self.cursor.execute(sql, params)
  File "C:\Users\Scarl\.conda\envs\umlexp1\lib\site-packages\django\db\backends\mysql\base.py", line 73, in execute
    return self.cursor.execute(query, args)
  File "C:\Users\Scarl\.conda\envs\umlexp1\lib\site-packages\pymysql\cursors.py", line 148, in execute
    result = self._query(query)
  File "C:\Users\Scarl\.conda\envs\umlexp1\lib\site-packages\pymysql\cursors.py", line 310, in _query
    conn.query(q)
  File "C:\Users\Scarl\.conda\envs\umlexp1\lib\site-packages\pymysql\connections.py", line 548, in query
    self._affected_rows = self._read_query_result(unbuffered=unbuffered)
  File "C:\Users\Scarl\.conda\envs\umlexp1\lib\site-packages\pymysql\connections.py", line 775, in _read_query_result
    result.read()
  File "C:\Users\Scarl\.conda\envs\umlexp1\lib\site-packages\pymysql\connections.py", line 1156, in read
    first_packet = self.connection._read_packet()
  File "C:\Users\Scarl\.conda\envs\umlexp1\lib\site-packages\pymysql\connections.py", line 725, in _read_packet
    packet.raise_for_error()
  File "C:\Users\Scarl\.conda\envs\umlexp1\lib\site-packages\pymysql\protocol.py", line 221, in raise_for_error
    err.raise_mysql_exception(self._data)
  File "C:\Users\Scarl\.conda\envs\umlexp1\lib\site-packages\pymysql\err.py", line 143, in raise_mysql_exception
    raise errorclass(errno, errval)
django.db.utils.ProgrammingError: (1146, "Table 'umlexp1.moments_wechatuser' doesn't exist")
], 请求URL->[/user/], 请求方法->[GET] 请求参数->[{}] 

ERROR [2025-06-08 14:54:43] C:\Users\Scarl\.conda\envs\umlexp1\lib\site-packages\django\utils\log.py 230 log_response 35984 43240 
 	 Internal Server Error: /user/ 
Traceback (most recent call last):
  File "C:\Users\Scarl\.conda\envs\umlexp1\lib\site-packages\django\db\backends\utils.py", line 84, in _execute
    return self.cursor.execute(sql, params)
  File "C:\Users\Scarl\.conda\envs\umlexp1\lib\site-packages\django\db\backends\mysql\base.py", line 73, in execute
    return self.cursor.execute(query, args)
  File "C:\Users\Scarl\.conda\envs\umlexp1\lib\site-packages\pymysql\cursors.py", line 148, in execute
    result = self._query(query)
  File "C:\Users\Scarl\.conda\envs\umlexp1\lib\site-packages\pymysql\cursors.py", line 310, in _query
    conn.query(q)
  File "C:\Users\Scarl\.conda\envs\umlexp1\lib\site-packages\pymysql\connections.py", line 548, in query
    self._affected_rows = self._read_query_result(unbuffered=unbuffered)
  File "C:\Users\Scarl\.conda\envs\umlexp1\lib\site-packages\pymysql\connections.py", line 775, in _read_query_result
    result.read()
  File "C:\Users\Scarl\.conda\envs\umlexp1\lib\site-packages\pymysql\connections.py", line 1156, in read
    first_packet = self.connection._read_packet()
  File "C:\Users\Scarl\.conda\envs\umlexp1\lib\site-packages\pymysql\connections.py", line 725, in _read_packet
    packet.raise_for_error()
  File "C:\Users\Scarl\.conda\envs\umlexp1\lib\site-packages\pymysql\protocol.py", line 221, in raise_for_error
    err.raise_mysql_exception(self._data)
  File "C:\Users\Scarl\.conda\envs\umlexp1\lib\site-packages\pymysql\err.py", line 143, in raise_mysql_exception
    raise errorclass(errno, errval)
pymysql.err.ProgrammingError: (1146, "Table 'umlexp1.moments_wechatuser' doesn't exist")

The above exception was the direct cause of the following exception:

Traceback (most recent call last):
  File "C:\Users\Scarl\.conda\envs\umlexp1\lib\site-packages\django\core\handlers\exception.py", line 47, in inner
    response = get_response(request)
  File "C:\Users\Scarl\.conda\envs\umlexp1\lib\site-packages\django\core\handlers\base.py", line 181, in _get_response
    response = wrapped_callback(request, *callback_args, **callback_kwargs)
  File "E:\codeF\django\uml实训一\umlexp1\moments\views.py", line 13, in show_user
    wechat_user = WeChatUser.objects.get(user_id=user_id)
  File "C:\Users\Scarl\.conda\envs\umlexp1\lib\site-packages\django\db\models\manager.py", line 85, in manager_method
    return getattr(self.get_queryset(), name)(*args, **kwargs)
  File "C:\Users\Scarl\.conda\envs\umlexp1\lib\site-packages\django\db\models\query.py", line 431, in get
    num = len(clone)
  File "C:\Users\Scarl\.conda\envs\umlexp1\lib\site-packages\django\db\models\query.py", line 262, in __len__
    self._fetch_all()
  File "C:\Users\Scarl\.conda\envs\umlexp1\lib\site-packages\django\db\models\query.py", line 1324, in _fetch_all
    self._result_cache = list(self._iterable_class(self))
  File "C:\Users\Scarl\.conda\envs\umlexp1\lib\site-packages\django\db\models\query.py", line 51, in __iter__
    results = compiler.execute_sql(chunked_fetch=self.chunked_fetch, chunk_size=self.chunk_size)
  File "C:\Users\Scarl\.conda\envs\umlexp1\lib\site-packages\django\db\models\sql\compiler.py", line 1175, in execute_sql
    cursor.execute(sql, params)
  File "C:\Users\Scarl\.conda\envs\umlexp1\lib\site-packages\django\db\backends\utils.py", line 98, in execute
    return super().execute(sql, params)
  File "C:\Users\Scarl\.conda\envs\umlexp1\lib\site-packages\django\db\backends\utils.py", line 66, in execute
    return self._execute_with_wrappers(sql, params, many=False, executor=self._execute)
  File "C:\Users\Scarl\.conda\envs\umlexp1\lib\site-packages\django\db\backends\utils.py", line 75, in _execute_with_wrappers
    return executor(sql, params, many, context)
  File "C:\Users\Scarl\.conda\envs\umlexp1\lib\site-packages\django\db\backends\utils.py", line 84, in _execute
    return self.cursor.execute(sql, params)
  File "C:\Users\Scarl\.conda\envs\umlexp1\lib\site-packages\django\db\utils.py", line 90, in __exit__
    raise dj_exc_value.with_traceback(traceback) from exc_value
  File "C:\Users\Scarl\.conda\envs\umlexp1\lib\site-packages\django\db\backends\utils.py", line 84, in _execute
    return self.cursor.execute(sql, params)
  File "C:\Users\Scarl\.conda\envs\umlexp1\lib\site-packages\django\db\backends\mysql\base.py", line 73, in execute
    return self.cursor.execute(query, args)
  File "C:\Users\Scarl\.conda\envs\umlexp1\lib\site-packages\pymysql\cursors.py", line 148, in execute
    result = self._query(query)
  File "C:\Users\Scarl\.conda\envs\umlexp1\lib\site-packages\pymysql\cursors.py", line 310, in _query
    conn.query(q)
  File "C:\Users\Scarl\.conda\envs\umlexp1\lib\site-packages\pymysql\connections.py", line 548, in query
    self._affected_rows = self._read_query_result(unbuffered=unbuffered)
  File "C:\Users\Scarl\.conda\envs\umlexp1\lib\site-packages\pymysql\connections.py", line 775, in _read_query_result
    result.read()
  File "C:\Users\Scarl\.conda\envs\umlexp1\lib\site-packages\pymysql\connections.py", line 1156, in read
    first_packet = self.connection._read_packet()
  File "C:\Users\Scarl\.conda\envs\umlexp1\lib\site-packages\pymysql\connections.py", line 725, in _read_packet
    packet.raise_for_error()
  File "C:\Users\Scarl\.conda\envs\umlexp1\lib\site-packages\pymysql\protocol.py", line 221, in raise_for_error
    err.raise_mysql_exception(self._data)
  File "C:\Users\Scarl\.conda\envs\umlexp1\lib\site-packages\pymysql\err.py", line 143, in raise_mysql_exception
    raise errorclass(errno, errval)
django.db.utils.ProgrammingError: (1146, "Table 'umlexp1.moments_wechatuser' doesn't exist")
ERROR [2025-06-08 14:55:07] C:\Users\Scarl\.conda\envs\umlexp1\lib\site-packages\blueapps\core\exceptions\middleware.py 72 process_exception 35984 43240 
 	 捕获未处理异常,异常具体堆栈->[Traceback (most recent call last):
  File "C:\Users\Scarl\.conda\envs\umlexp1\lib\site-packages\django\db\backends\utils.py", line 84, in _execute
    return self.cursor.execute(sql, params)
  File "C:\Users\Scarl\.conda\envs\umlexp1\lib\site-packages\django\db\backends\mysql\base.py", line 73, in execute
    return self.cursor.execute(query, args)
  File "C:\Users\Scarl\.conda\envs\umlexp1\lib\site-packages\pymysql\cursors.py", line 148, in execute
    result = self._query(query)
  File "C:\Users\Scarl\.conda\envs\umlexp1\lib\site-packages\pymysql\cursors.py", line 310, in _query
    conn.query(q)
  File "C:\Users\Scarl\.conda\envs\umlexp1\lib\site-packages\pymysql\connections.py", line 548, in query
    self._affected_rows = self._read_query_result(unbuffered=unbuffered)
  File "C:\Users\Scarl\.conda\envs\umlexp1\lib\site-packages\pymysql\connections.py", line 775, in _read_query_result
    result.read()
  File "C:\Users\Scarl\.conda\envs\umlexp1\lib\site-packages\pymysql\connections.py", line 1156, in read
    first_packet = self.connection._read_packet()
  File "C:\Users\Scarl\.conda\envs\umlexp1\lib\site-packages\pymysql\connections.py", line 725, in _read_packet
    packet.raise_for_error()
  File "C:\Users\Scarl\.conda\envs\umlexp1\lib\site-packages\pymysql\protocol.py", line 221, in raise_for_error
    err.raise_mysql_exception(self._data)
  File "C:\Users\Scarl\.conda\envs\umlexp1\lib\site-packages\pymysql\err.py", line 143, in raise_mysql_exception
    raise errorclass(errno, errval)
pymysql.err.ProgrammingError: (1146, "Table 'umlexp1.moments_wechatuser' doesn't exist")

The above exception was the direct cause of the following exception:

Traceback (most recent call last):
  File "C:\Users\Scarl\.conda\envs\umlexp1\lib\site-packages\django\core\handlers\base.py", line 181, in _get_response
    response = wrapped_callback(request, *callback_args, **callback_kwargs)
  File "C:\Users\Scarl\.conda\envs\umlexp1\lib\site-packages\django\contrib\admin\options.py", line 616, in wrapper
    return self.admin_site.admin_view(view)(*args, **kwargs)
  File "C:\Users\Scarl\.conda\envs\umlexp1\lib\site-packages\django\utils\decorators.py", line 130, in _wrapped_view
    response = view_func(request, *args, **kwargs)
  File "C:\Users\Scarl\.conda\envs\umlexp1\lib\site-packages\django\views\decorators\cache.py", line 44, in _wrapped_view_func
    response = view_func(request, *args, **kwargs)
  File "C:\Users\Scarl\.conda\envs\umlexp1\lib\site-packages\django\contrib\admin\sites.py", line 232, in inner
    return view(request, *args, **kwargs)
  File "C:\Users\Scarl\.conda\envs\umlexp1\lib\site-packages\django\contrib\admin\options.py", line 1657, in add_view
    return self.changeform_view(request, None, form_url, extra_context)
  File "C:\Users\Scarl\.conda\envs\umlexp1\lib\site-packages\django\utils\decorators.py", line 43, in _wrapper
    return bound_method(*args, **kwargs)
  File "C:\Users\Scarl\.conda\envs\umlexp1\lib\site-packages\django\utils\decorators.py", line 130, in _wrapped_view
    response = view_func(request, *args, **kwargs)
  File "C:\Users\Scarl\.conda\envs\umlexp1\lib\site-packages\django\contrib\admin\options.py", line 1540, in changeform_view
    return self._changeform_view(request, object_id, form_url, extra_context)
  File "C:\Users\Scarl\.conda\envs\umlexp1\lib\site-packages\django\contrib\admin\options.py", line 1579, in _changeform_view
    form_validated = form.is_valid()
  File "C:\Users\Scarl\.conda\envs\umlexp1\lib\site-packages\django\forms\forms.py", line 175, in is_valid
    return self.is_bound and not self.errors
  File "C:\Users\Scarl\.conda\envs\umlexp1\lib\site-packages\django\forms\forms.py", line 170, in errors
    self.full_clean()
  File "C:\Users\Scarl\.conda\envs\umlexp1\lib\site-packages\django\forms\forms.py", line 374, in full_clean
    self._post_clean()
  File "C:\Users\Scarl\.conda\envs\umlexp1\lib\site-packages\django\forms\models.py", line 419, in _post_clean
    self.validate_unique()
  File "C:\Users\Scarl\.conda\envs\umlexp1\lib\site-packages\django\forms\models.py", line 428, in validate_unique
    self.instance.validate_unique(exclude=exclude)
  File "C:\Users\Scarl\.conda\envs\umlexp1\lib\site-packages\django\db\models\base.py", line 1016, in validate_unique
    errors = self._perform_unique_checks(unique_checks)
  File "C:\Users\Scarl\.conda\envs\umlexp1\lib\site-packages\django\db\models\base.py", line 1119, in _perform_unique_checks
    if qs.exists():
  File "C:\Users\Scarl\.conda\envs\umlexp1\lib\site-packages\django\db\models\query.py", line 808, in exists
    return self.query.has_results(using=self.db)
  File "C:\Users\Scarl\.conda\envs\umlexp1\lib\site-packages\django\db\models\sql\query.py", line 550, in has_results
    return compiler.has_results()
  File "C:\Users\Scarl\.conda\envs\umlexp1\lib\site-packages\django\db\models\sql\compiler.py", line 1145, in has_results
    return bool(self.execute_sql(SINGLE))
  File "C:\Users\Scarl\.conda\envs\umlexp1\lib\site-packages\django\db\models\sql\compiler.py", line 1175, in execute_sql
    cursor.execute(sql, params)
  File "C:\Users\Scarl\.conda\envs\umlexp1\lib\site-packages\django\db\backends\utils.py", line 98, in execute
    return super().execute(sql, params)
  File "C:\Users\Scarl\.conda\envs\umlexp1\lib\site-packages\django\db\backends\utils.py", line 66, in execute
    return self._execute_with_wrappers(sql, params, many=False, executor=self._execute)
  File "C:\Users\Scarl\.conda\envs\umlexp1\lib\site-packages\django\db\backends\utils.py", line 75, in _execute_with_wrappers
    return executor(sql, params, many, context)
  File "C:\Users\Scarl\.conda\envs\umlexp1\lib\site-packages\django\db\backends\utils.py", line 84, in _execute
    return self.cursor.execute(sql, params)
  File "C:\Users\Scarl\.conda\envs\umlexp1\lib\site-packages\django\db\utils.py", line 90, in __exit__
    raise dj_exc_value.with_traceback(traceback) from exc_value
  File "C:\Users\Scarl\.conda\envs\umlexp1\lib\site-packages\django\db\backends\utils.py", line 84, in _execute
    return self.cursor.execute(sql, params)
  File "C:\Users\Scarl\.conda\envs\umlexp1\lib\site-packages\django\db\backends\mysql\base.py", line 73, in execute
    return self.cursor.execute(query, args)
  File "C:\Users\Scarl\.conda\envs\umlexp1\lib\site-packages\pymysql\cursors.py", line 148, in execute
    result = self._query(query)
  File "C:\Users\Scarl\.conda\envs\umlexp1\lib\site-packages\pymysql\cursors.py", line 310, in _query
    conn.query(q)
  File "C:\Users\Scarl\.conda\envs\umlexp1\lib\site-packages\pymysql\connections.py", line 548, in query
    self._affected_rows = self._read_query_result(unbuffered=unbuffered)
  File "C:\Users\Scarl\.conda\envs\umlexp1\lib\site-packages\pymysql\connections.py", line 775, in _read_query_result
    result.read()
  File "C:\Users\Scarl\.conda\envs\umlexp1\lib\site-packages\pymysql\connections.py", line 1156, in read
    first_packet = self.connection._read_packet()
  File "C:\Users\Scarl\.conda\envs\umlexp1\lib\site-packages\pymysql\connections.py", line 725, in _read_packet
    packet.raise_for_error()
  File "C:\Users\Scarl\.conda\envs\umlexp1\lib\site-packages\pymysql\protocol.py", line 221, in raise_for_error
    err.raise_mysql_exception(self._data)
  File "C:\Users\Scarl\.conda\envs\umlexp1\lib\site-packages\pymysql\err.py", line 143, in raise_mysql_exception
    raise errorclass(errno, errval)
django.db.utils.ProgrammingError: (1146, "Table 'umlexp1.moments_wechatuser' doesn't exist")
], 请求URL->[/admin/moments/wechatuser/add/], 请求方法->[POST] 请求参数->[{"csrfmiddlewaretoken": "pmY64xWnjcVv2hvklEOSYEAliyGctfMAzpHGMfYpZgsglbAUSkJtQbfJXJfxHfnX", "user": "2", "email": "donk@666.com", "motto": "Man! What can I say!", "pic": "kobe.png", "region": "\ud83d\ude07", "_save": "\u4fdd\u5b58"}] 

ERROR [2025-06-08 14:55:07] C:\Users\Scarl\.conda\envs\umlexp1\lib\site-packages\django\utils\log.py 230 log_response 35984 43240 
 	 Internal Server Error: /admin/moments/wechatuser/add/ 
Traceback (most recent call last):
  File "C:\Users\Scarl\.conda\envs\umlexp1\lib\site-packages\django\db\backends\utils.py", line 84, in _execute
    return self.cursor.execute(sql, params)
  File "C:\Users\Scarl\.conda\envs\umlexp1\lib\site-packages\django\db\backends\mysql\base.py", line 73, in execute
    return self.cursor.execute(query, args)
  File "C:\Users\Scarl\.conda\envs\umlexp1\lib\site-packages\pymysql\cursors.py", line 148, in execute
    result = self._query(query)
  File "C:\Users\Scarl\.conda\envs\umlexp1\lib\site-packages\pymysql\cursors.py", line 310, in _query
    conn.query(q)
  File "C:\Users\Scarl\.conda\envs\umlexp1\lib\site-packages\pymysql\connections.py", line 548, in query
    self._affected_rows = self._read_query_result(unbuffered=unbuffered)
  File "C:\Users\Scarl\.conda\envs\umlexp1\lib\site-packages\pymysql\connections.py", line 775, in _read_query_result
    result.read()
  File "C:\Users\Scarl\.conda\envs\umlexp1\lib\site-packages\pymysql\connections.py", line 1156, in read
    first_packet = self.connection._read_packet()
  File "C:\Users\Scarl\.conda\envs\umlexp1\lib\site-packages\pymysql\connections.py", line 725, in _read_packet
    packet.raise_for_error()
  File "C:\Users\Scarl\.conda\envs\umlexp1\lib\site-packages\pymysql\protocol.py", line 221, in raise_for_error
    err.raise_mysql_exception(self._data)
  File "C:\Users\Scarl\.conda\envs\umlexp1\lib\site-packages\pymysql\err.py", line 143, in raise_mysql_exception
    raise errorclass(errno, errval)
pymysql.err.ProgrammingError: (1146, "Table 'umlexp1.moments_wechatuser' doesn't exist")

The above exception was the direct cause of the following exception:

Traceback (most recent call last):
  File "C:\Users\Scarl\.conda\envs\umlexp1\lib\site-packages\django\core\handlers\exception.py", line 47, in inner
    response = get_response(request)
  File "C:\Users\Scarl\.conda\envs\umlexp1\lib\site-packages\django\core\handlers\base.py", line 181, in _get_response
    response = wrapped_callback(request, *callback_args, **callback_kwargs)
  File "C:\Users\Scarl\.conda\envs\umlexp1\lib\site-packages\django\contrib\admin\options.py", line 616, in wrapper
    return self.admin_site.admin_view(view)(*args, **kwargs)
  File "C:\Users\Scarl\.conda\envs\umlexp1\lib\site-packages\django\utils\decorators.py", line 130, in _wrapped_view
    response = view_func(request, *args, **kwargs)
  File "C:\Users\Scarl\.conda\envs\umlexp1\lib\site-packages\django\views\decorators\cache.py", line 44, in _wrapped_view_func
    response = view_func(request, *args, **kwargs)
  File "C:\Users\Scarl\.conda\envs\umlexp1\lib\site-packages\django\contrib\admin\sites.py", line 232, in inner
    return view(request, *args, **kwargs)
  File "C:\Users\Scarl\.conda\envs\umlexp1\lib\site-packages\django\contrib\admin\options.py", line 1657, in add_view
    return self.changeform_view(request, None, form_url, extra_context)
  File "C:\Users\Scarl\.conda\envs\umlexp1\lib\site-packages\django\utils\decorators.py", line 43, in _wrapper
    return bound_method(*args, **kwargs)
  File "C:\Users\Scarl\.conda\envs\umlexp1\lib\site-packages\django\utils\decorators.py", line 130, in _wrapped_view
    response = view_func(request, *args, **kwargs)
  File "C:\Users\Scarl\.conda\envs\umlexp1\lib\site-packages\django\contrib\admin\options.py", line 1540, in changeform_view
    return self._changeform_view(request, object_id, form_url, extra_context)
  File "C:\Users\Scarl\.conda\envs\umlexp1\lib\site-packages\django\contrib\admin\options.py", line 1579, in _changeform_view
    form_validated = form.is_valid()
  File "C:\Users\Scarl\.conda\envs\umlexp1\lib\site-packages\django\forms\forms.py", line 175, in is_valid
    return self.is_bound and not self.errors
  File "C:\Users\Scarl\.conda\envs\umlexp1\lib\site-packages\django\forms\forms.py", line 170, in errors
    self.full_clean()
  File "C:\Users\Scarl\.conda\envs\umlexp1\lib\site-packages\django\forms\forms.py", line 374, in full_clean
    self._post_clean()
  File "C:\Users\Scarl\.conda\envs\umlexp1\lib\site-packages\django\forms\models.py", line 419, in _post_clean
    self.validate_unique()
  File "C:\Users\Scarl\.conda\envs\umlexp1\lib\site-packages\django\forms\models.py", line 428, in validate_unique
    self.instance.validate_unique(exclude=exclude)
  File "C:\Users\Scarl\.conda\envs\umlexp1\lib\site-packages\django\db\models\base.py", line 1016, in validate_unique
    errors = self._perform_unique_checks(unique_checks)
  File "C:\Users\Scarl\.conda\envs\umlexp1\lib\site-packages\django\db\models\base.py", line 1119, in _perform_unique_checks
    if qs.exists():
  File "C:\Users\Scarl\.conda\envs\umlexp1\lib\site-packages\django\db\models\query.py", line 808, in exists
    return self.query.has_results(using=self.db)
  File "C:\Users\Scarl\.conda\envs\umlexp1\lib\site-packages\django\db\models\sql\query.py", line 550, in has_results
    return compiler.has_results()
  File "C:\Users\Scarl\.conda\envs\umlexp1\lib\site-packages\django\db\models\sql\compiler.py", line 1145, in has_results
    return bool(self.execute_sql(SINGLE))
  File "C:\Users\Scarl\.conda\envs\umlexp1\lib\site-packages\django\db\models\sql\compiler.py", line 1175, in execute_sql
    cursor.execute(sql, params)
  File "C:\Users\Scarl\.conda\envs\umlexp1\lib\site-packages\django\db\backends\utils.py", line 98, in execute
    return super().execute(sql, params)
  File "C:\Users\Scarl\.conda\envs\umlexp1\lib\site-packages\django\db\backends\utils.py", line 66, in execute
    return self._execute_with_wrappers(sql, params, many=False, executor=self._execute)
  File "C:\Users\Scarl\.conda\envs\umlexp1\lib\site-packages\django\db\backends\utils.py", line 75, in _execute_with_wrappers
    return executor(sql, params, many, context)
  File "C:\Users\Scarl\.conda\envs\umlexp1\lib\site-packages\django\db\backends\utils.py", line 84, in _execute
    return self.cursor.execute(sql, params)
  File "C:\Users\Scarl\.conda\envs\umlexp1\lib\site-packages\django\db\utils.py", line 90, in __exit__
    raise dj_exc_value.with_traceback(traceback) from exc_value
  File "C:\Users\Scarl\.conda\envs\umlexp1\lib\site-packages\django\db\backends\utils.py", line 84, in _execute
    return self.cursor.execute(sql, params)
  File "C:\Users\Scarl\.conda\envs\umlexp1\lib\site-packages\django\db\backends\mysql\base.py", line 73, in execute
    return self.cursor.execute(query, args)
  File "C:\Users\Scarl\.conda\envs\umlexp1\lib\site-packages\pymysql\cursors.py", line 148, in execute
    result = self._query(query)
  File "C:\Users\Scarl\.conda\envs\umlexp1\lib\site-packages\pymysql\cursors.py", line 310, in _query
    conn.query(q)
  File "C:\Users\Scarl\.conda\envs\umlexp1\lib\site-packages\pymysql\connections.py", line 548, in query
    self._affected_rows = self._read_query_result(unbuffered=unbuffered)
  File "C:\Users\Scarl\.conda\envs\umlexp1\lib\site-packages\pymysql\connections.py", line 775, in _read_query_result
    result.read()
  File "C:\Users\Scarl\.conda\envs\umlexp1\lib\site-packages\pymysql\connections.py", line 1156, in read
    first_packet = self.connection._read_packet()
  File "C:\Users\Scarl\.conda\envs\umlexp1\lib\site-packages\pymysql\connections.py", line 725, in _read_packet
    packet.raise_for_error()
  File "C:\Users\Scarl\.conda\envs\umlexp1\lib\site-packages\pymysql\protocol.py", line 221, in raise_for_error
    err.raise_mysql_exception(self._data)
  File "C:\Users\Scarl\.conda\envs\umlexp1\lib\site-packages\pymysql\err.py", line 143, in raise_mysql_exception
    raise errorclass(errno, errval)
django.db.utils.ProgrammingError: (1146, "Table 'umlexp1.moments_wechatuser' doesn't exist")
ERROR [2025-06-08 15:14:59] C:\Users\Scarl\.conda\envs\umlexp1\lib\site-packages\blueapps\core\exceptions\middleware.py 72 process_exception 41160 41020 
 	 捕获未处理异常,异常具体堆栈->[Traceback (most recent call last):
  File "C:\Users\Scarl\.conda\envs\umlexp1\lib\site-packages\django\core\handlers\base.py", line 181, in _get_response
    response = wrapped_callback(request, *callback_args, **callback_kwargs)
  File "E:\codeF\django\uml实训一\umlexp1\moments\views.py", line 13, in show_user
    wechat_user = WeChatUser.objects.get(user_id=user_id)
  File "C:\Users\Scarl\.conda\envs\umlexp1\lib\site-packages\django\db\models\manager.py", line 85, in manager_method
    return getattr(self.get_queryset(), name)(*args, **kwargs)
  File "C:\Users\Scarl\.conda\envs\umlexp1\lib\site-packages\django\db\models\query.py", line 437, in get
    self.model._meta.object_name
moments.models.WeChatUser.DoesNotExist: WeChatUser matching query does not exist.
], 请求URL->[/user/], 请求方法->[GET] 请求参数->[{}] 

ERROR [2025-06-08 15:15:04] C:\Users\Scarl\.conda\envs\umlexp1\lib\site-packages\django\utils\log.py 230 log_response 41160 41020 
 	 Internal Server Error: /user/ 
Traceback (most recent call last):
  File "C:\Users\Scarl\.conda\envs\umlexp1\lib\site-packages\django\core\handlers\exception.py", line 47, in inner
    response = get_response(request)
  File "C:\Users\Scarl\.conda\envs\umlexp1\lib\site-packages\django\core\handlers\base.py", line 181, in _get_response
    response = wrapped_callback(request, *callback_args, **callback_kwargs)
  File "E:\codeF\django\uml实训一\umlexp1\moments\views.py", line 13, in show_user
    wechat_user = WeChatUser.objects.get(user_id=user_id)
  File "C:\Users\Scarl\.conda\envs\umlexp1\lib\site-packages\django\db\models\manager.py", line 85, in manager_method
    return getattr(self.get_queryset(), name)(*args, **kwargs)
  File "C:\Users\Scarl\.conda\envs\umlexp1\lib\site-packages\django\db\models\query.py", line 437, in get
    self.model._meta.object_name
moments.models.WeChatUser.DoesNotExist: WeChatUser matching query does not exist.
ERROR [2025-06-08 15:15:22] C:\Users\Scarl\.conda\envs\umlexp1\lib\site-packages\blueapps\core\exceptions\middleware.py 72 process_exception 41160 28760 
 	 捕获未处理异常,异常具体堆栈->[Traceback (most recent call last):
  File "C:\Users\Scarl\.conda\envs\umlexp1\lib\site-packages\django\db\backends\utils.py", line 84, in _execute
    return self.cursor.execute(sql, params)
  File "C:\Users\Scarl\.conda\envs\umlexp1\lib\site-packages\django\db\backends\mysql\base.py", line 73, in execute
    return self.cursor.execute(query, args)
  File "C:\Users\Scarl\.conda\envs\umlexp1\lib\site-packages\pymysql\cursors.py", line 148, in execute
    result = self._query(query)
  File "C:\Users\Scarl\.conda\envs\umlexp1\lib\site-packages\pymysql\cursors.py", line 310, in _query
    conn.query(q)
  File "C:\Users\Scarl\.conda\envs\umlexp1\lib\site-packages\pymysql\connections.py", line 548, in query
    self._affected_rows = self._read_query_result(unbuffered=unbuffered)
  File "C:\Users\Scarl\.conda\envs\umlexp1\lib\site-packages\pymysql\connections.py", line 775, in _read_query_result
    result.read()
  File "C:\Users\Scarl\.conda\envs\umlexp1\lib\site-packages\pymysql\connections.py", line 1156, in read
    first_packet = self.connection._read_packet()
  File "C:\Users\Scarl\.conda\envs\umlexp1\lib\site-packages\pymysql\connections.py", line 725, in _read_packet
    packet.raise_for_error()
  File "C:\Users\Scarl\.conda\envs\umlexp1\lib\site-packages\pymysql\protocol.py", line 221, in raise_for_error
    err.raise_mysql_exception(self._data)
  File "C:\Users\Scarl\.conda\envs\umlexp1\lib\site-packages\pymysql\err.py", line 143, in raise_mysql_exception
    raise errorclass(errno, errval)
pymysql.err.DataError: (1366, "Incorrect string value: '\\xF0\\x9F\\x98\\x87' for column 'region' at row 1")

The above exception was the direct cause of the following exception:

Traceback (most recent call last):
  File "C:\Users\Scarl\.conda\envs\umlexp1\lib\site-packages\django\core\handlers\base.py", line 181, in _get_response
    response = wrapped_callback(request, *callback_args, **callback_kwargs)
  File "C:\Users\Scarl\.conda\envs\umlexp1\lib\site-packages\django\contrib\admin\options.py", line 616, in wrapper
    return self.admin_site.admin_view(view)(*args, **kwargs)
  File "C:\Users\Scarl\.conda\envs\umlexp1\lib\site-packages\django\utils\decorators.py", line 130, in _wrapped_view
    response = view_func(request, *args, **kwargs)
  File "C:\Users\Scarl\.conda\envs\umlexp1\lib\site-packages\django\views\decorators\cache.py", line 44, in _wrapped_view_func
    response = view_func(request, *args, **kwargs)
  File "C:\Users\Scarl\.conda\envs\umlexp1\lib\site-packages\django\contrib\admin\sites.py", line 232, in inner
    return view(request, *args, **kwargs)
  File "C:\Users\Scarl\.conda\envs\umlexp1\lib\site-packages\django\contrib\admin\options.py", line 1657, in add_view
    return self.changeform_view(request, None, form_url, extra_context)
  File "C:\Users\Scarl\.conda\envs\umlexp1\lib\site-packages\django\utils\decorators.py", line 43, in _wrapper
    return bound_method(*args, **kwargs)
  File "C:\Users\Scarl\.conda\envs\umlexp1\lib\site-packages\django\utils\decorators.py", line 130, in _wrapped_view
    response = view_func(request, *args, **kwargs)
  File "C:\Users\Scarl\.conda\envs\umlexp1\lib\site-packages\django\contrib\admin\options.py", line 1540, in changeform_view
    return self._changeform_view(request, object_id, form_url, extra_context)
  File "C:\Users\Scarl\.conda\envs\umlexp1\lib\site-packages\django\contrib\admin\options.py", line 1586, in _changeform_view
    self.save_model(request, new_object, form, not add)
  File "C:\Users\Scarl\.conda\envs\umlexp1\lib\site-packages\django\contrib\admin\options.py", line 1099, in save_model
    obj.save()
  File "C:\Users\Scarl\.conda\envs\umlexp1\lib\site-packages\django\db\models\base.py", line 727, in save
    force_update=force_update, update_fields=update_fields)
  File "C:\Users\Scarl\.conda\envs\umlexp1\lib\site-packages\django\db\models\base.py", line 765, in save_base
    force_update, using, update_fields,
  File "C:\Users\Scarl\.conda\envs\umlexp1\lib\site-packages\django\db\models\base.py", line 868, in _save_table
    results = self._do_insert(cls._base_manager, using, fields, returning_fields, raw)
  File "C:\Users\Scarl\.conda\envs\umlexp1\lib\site-packages\django\db\models\base.py", line 908, in _do_insert
    using=using, raw=raw,
  File "C:\Users\Scarl\.conda\envs\umlexp1\lib\site-packages\django\db\models\manager.py", line 85, in manager_method
    return getattr(self.get_queryset(), name)(*args, **kwargs)
  File "C:\Users\Scarl\.conda\envs\umlexp1\lib\site-packages\django\db\models\query.py", line 1270, in _insert
    return query.get_compiler(using=using).execute_sql(returning_fields)
  File "C:\Users\Scarl\.conda\envs\umlexp1\lib\site-packages\django\db\models\sql\compiler.py", line 1416, in execute_sql
    cursor.execute(sql, params)
  File "C:\Users\Scarl\.conda\envs\umlexp1\lib\site-packages\django\db\backends\utils.py", line 98, in execute
    return super().execute(sql, params)
  File "C:\Users\Scarl\.conda\envs\umlexp1\lib\site-packages\django\db\backends\utils.py", line 66, in execute
    return self._execute_with_wrappers(sql, params, many=False, executor=self._execute)
  File "C:\Users\Scarl\.conda\envs\umlexp1\lib\site-packages\django\db\backends\utils.py", line 75, in _execute_with_wrappers
    return executor(sql, params, many, context)
  File "C:\Users\Scarl\.conda\envs\umlexp1\lib\site-packages\django\db\backends\utils.py", line 84, in _execute
    return self.cursor.execute(sql, params)
  File "C:\Users\Scarl\.conda\envs\umlexp1\lib\site-packages\django\db\utils.py", line 90, in __exit__
    raise dj_exc_value.with_traceback(traceback) from exc_value
  File "C:\Users\Scarl\.conda\envs\umlexp1\lib\site-packages\django\db\backends\utils.py", line 84, in _execute
    return self.cursor.execute(sql, params)
  File "C:\Users\Scarl\.conda\envs\umlexp1\lib\site-packages\django\db\backends\mysql\base.py", line 73, in execute
    return self.cursor.execute(query, args)
  File "C:\Users\Scarl\.conda\envs\umlexp1\lib\site-packages\pymysql\cursors.py", line 148, in execute
    result = self._query(query)
  File "C:\Users\Scarl\.conda\envs\umlexp1\lib\site-packages\pymysql\cursors.py", line 310, in _query
    conn.query(q)
  File "C:\Users\Scarl\.conda\envs\umlexp1\lib\site-packages\pymysql\connections.py", line 548, in query
    self._affected_rows = self._read_query_result(unbuffered=unbuffered)
  File "C:\Users\Scarl\.conda\envs\umlexp1\lib\site-packages\pymysql\connections.py", line 775, in _read_query_result
    result.read()
  File "C:\Users\Scarl\.conda\envs\umlexp1\lib\site-packages\pymysql\connections.py", line 1156, in read
    first_packet = self.connection._read_packet()
  File "C:\Users\Scarl\.conda\envs\umlexp1\lib\site-packages\pymysql\connections.py", line 725, in _read_packet
    packet.raise_for_error()
  File "C:\Users\Scarl\.conda\envs\umlexp1\lib\site-packages\pymysql\protocol.py", line 221, in raise_for_error
    err.raise_mysql_exception(self._data)
  File "C:\Users\Scarl\.conda\envs\umlexp1\lib\site-packages\pymysql\err.py", line 143, in raise_mysql_exception
    raise errorclass(errno, errval)
django.db.utils.DataError: (1366, "Incorrect string value: '\\xF0\\x9F\\x98\\x87' for column 'region' at row 1")
], 请求URL->[/admin/moments/wechatuser/add/], 请求方法->[POST] 请求参数->[{"csrfmiddlewaretoken": "d59dAucf03O4Cw4O7hMZKqHqx5wv9rESn8SNicehG7lPVq9oEXHACXmOcg5Qnrff", "user": "2", "email": "donk@666.com", "motto": "Man! What can I say!", "pic": "kobe.png", "region": "\ud83d\ude07", "_save": "\u4fdd\u5b58"}] 

ERROR [2025-06-08 15:15:22] C:\Users\Scarl\.conda\envs\umlexp1\lib\site-packages\django\utils\log.py 230 log_response 41160 28760 
 	 Internal Server Error: /admin/moments/wechatuser/add/ 
Traceback (most recent call last):
  File "C:\Users\Scarl\.conda\envs\umlexp1\lib\site-packages\django\db\backends\utils.py", line 84, in _execute
    return self.cursor.execute(sql, params)
  File "C:\Users\Scarl\.conda\envs\umlexp1\lib\site-packages\django\db\backends\mysql\base.py", line 73, in execute
    return self.cursor.execute(query, args)
  File "C:\Users\Scarl\.conda\envs\umlexp1\lib\site-packages\pymysql\cursors.py", line 148, in execute
    result = self._query(query)
  File "C:\Users\Scarl\.conda\envs\umlexp1\lib\site-packages\pymysql\cursors.py", line 310, in _query
    conn.query(q)
  File "C:\Users\Scarl\.conda\envs\umlexp1\lib\site-packages\pymysql\connections.py", line 548, in query
    self._affected_rows = self._read_query_result(unbuffered=unbuffered)
  File "C:\Users\Scarl\.conda\envs\umlexp1\lib\site-packages\pymysql\connections.py", line 775, in _read_query_result
    result.read()
  File "C:\Users\Scarl\.conda\envs\umlexp1\lib\site-packages\pymysql\connections.py", line 1156, in read
    first_packet = self.connection._read_packet()
  File "C:\Users\Scarl\.conda\envs\umlexp1\lib\site-packages\pymysql\connections.py", line 725, in _read_packet
    packet.raise_for_error()
  File "C:\Users\Scarl\.conda\envs\umlexp1\lib\site-packages\pymysql\protocol.py", line 221, in raise_for_error
    err.raise_mysql_exception(self._data)
  File "C:\Users\Scarl\.conda\envs\umlexp1\lib\site-packages\pymysql\err.py", line 143, in raise_mysql_exception
    raise errorclass(errno, errval)
pymysql.err.DataError: (1366, "Incorrect string value: '\\xF0\\x9F\\x98\\x87' for column 'region' at row 1")

The above exception was the direct cause of the following exception:

Traceback (most recent call last):
  File "C:\Users\Scarl\.conda\envs\umlexp1\lib\site-packages\django\core\handlers\exception.py", line 47, in inner
    response = get_response(request)
  File "C:\Users\Scarl\.conda\envs\umlexp1\lib\site-packages\django\core\handlers\base.py", line 181, in _get_response
    response = wrapped_callback(request, *callback_args, **callback_kwargs)
  File "C:\Users\Scarl\.conda\envs\umlexp1\lib\site-packages\django\contrib\admin\options.py", line 616, in wrapper
    return self.admin_site.admin_view(view)(*args, **kwargs)
  File "C:\Users\Scarl\.conda\envs\umlexp1\lib\site-packages\django\utils\decorators.py", line 130, in _wrapped_view
    response = view_func(request, *args, **kwargs)
  File "C:\Users\Scarl\.conda\envs\umlexp1\lib\site-packages\django\views\decorators\cache.py", line 44, in _wrapped_view_func
    response = view_func(request, *args, **kwargs)
  File "C:\Users\Scarl\.conda\envs\umlexp1\lib\site-packages\django\contrib\admin\sites.py", line 232, in inner
    return view(request, *args, **kwargs)
  File "C:\Users\Scarl\.conda\envs\umlexp1\lib\site-packages\django\contrib\admin\options.py", line 1657, in add_view
    return self.changeform_view(request, None, form_url, extra_context)
  File "C:\Users\Scarl\.conda\envs\umlexp1\lib\site-packages\django\utils\decorators.py", line 43, in _wrapper
    return bound_method(*args, **kwargs)
  File "C:\Users\Scarl\.conda\envs\umlexp1\lib\site-packages\django\utils\decorators.py", line 130, in _wrapped_view
    response = view_func(request, *args, **kwargs)
  File "C:\Users\Scarl\.conda\envs\umlexp1\lib\site-packages\django\contrib\admin\options.py", line 1540, in changeform_view
    return self._changeform_view(request, object_id, form_url, extra_context)
  File "C:\Users\Scarl\.conda\envs\umlexp1\lib\site-packages\django\contrib\admin\options.py", line 1586, in _changeform_view
    self.save_model(request, new_object, form, not add)
  File "C:\Users\Scarl\.conda\envs\umlexp1\lib\site-packages\django\contrib\admin\options.py", line 1099, in save_model
    obj.save()
  File "C:\Users\Scarl\.conda\envs\umlexp1\lib\site-packages\django\db\models\base.py", line 727, in save
    force_update=force_update, update_fields=update_fields)
  File "C:\Users\Scarl\.conda\envs\umlexp1\lib\site-packages\django\db\models\base.py", line 765, in save_base
    force_update, using, update_fields,
  File "C:\Users\Scarl\.conda\envs\umlexp1\lib\site-packages\django\db\models\base.py", line 868, in _save_table
    results = self._do_insert(cls._base_manager, using, fields, returning_fields, raw)
  File "C:\Users\Scarl\.conda\envs\umlexp1\lib\site-packages\django\db\models\base.py", line 908, in _do_insert
    using=using, raw=raw,
  File "C:\Users\Scarl\.conda\envs\umlexp1\lib\site-packages\django\db\models\manager.py", line 85, in manager_method
    return getattr(self.get_queryset(), name)(*args, **kwargs)
  File "C:\Users\Scarl\.conda\envs\umlexp1\lib\site-packages\django\db\models\query.py", line 1270, in _insert
    return query.get_compiler(using=using).execute_sql(returning_fields)
  File "C:\Users\Scarl\.conda\envs\umlexp1\lib\site-packages\django\db\models\sql\compiler.py", line 1416, in execute_sql
    cursor.execute(sql, params)
  File "C:\Users\Scarl\.conda\envs\umlexp1\lib\site-packages\django\db\backends\utils.py", line 98, in execute
    return super().execute(sql, params)
  File "C:\Users\Scarl\.conda\envs\umlexp1\lib\site-packages\django\db\backends\utils.py", line 66, in execute
    return self._execute_with_wrappers(sql, params, many=False, executor=self._execute)
  File "C:\Users\Scarl\.conda\envs\umlexp1\lib\site-packages\django\db\backends\utils.py", line 75, in _execute_with_wrappers
    return executor(sql, params, many, context)
  File "C:\Users\Scarl\.conda\envs\umlexp1\lib\site-packages\django\db\backends\utils.py", line 84, in _execute
    return self.cursor.execute(sql, params)
  File "C:\Users\Scarl\.conda\envs\umlexp1\lib\site-packages\django\db\utils.py", line 90, in __exit__
    raise dj_exc_value.with_traceback(traceback) from exc_value
  File "C:\Users\Scarl\.conda\envs\umlexp1\lib\site-packages\django\db\backends\utils.py", line 84, in _execute
    return self.cursor.execute(sql, params)
  File "C:\Users\Scarl\.conda\envs\umlexp1\lib\site-packages\django\db\backends\mysql\base.py", line 73, in execute
    return self.cursor.execute(query, args)
  File "C:\Users\Scarl\.conda\envs\umlexp1\lib\site-packages\pymysql\cursors.py", line 148, in execute
    result = self._query(query)
  File "C:\Users\Scarl\.conda\envs\umlexp1\lib\site-packages\pymysql\cursors.py", line 310, in _query
    conn.query(q)
  File "C:\Users\Scarl\.conda\envs\umlexp1\lib\site-packages\pymysql\connections.py", line 548, in query
    self._affected_rows = self._read_query_result(unbuffered=unbuffered)
  File "C:\Users\Scarl\.conda\envs\umlexp1\lib\site-packages\pymysql\connections.py", line 775, in _read_query_result
    result.read()
  File "C:\Users\Scarl\.conda\envs\umlexp1\lib\site-packages\pymysql\connections.py", line 1156, in read
    first_packet = self.connection._read_packet()
  File "C:\Users\Scarl\.conda\envs\umlexp1\lib\site-packages\pymysql\connections.py", line 725, in _read_packet
    packet.raise_for_error()
  File "C:\Users\Scarl\.conda\envs\umlexp1\lib\site-packages\pymysql\protocol.py", line 221, in raise_for_error
    err.raise_mysql_exception(self._data)
  File "C:\Users\Scarl\.conda\envs\umlexp1\lib\site-packages\pymysql\err.py", line 143, in raise_mysql_exception
    raise errorclass(errno, errval)
django.db.utils.DataError: (1366, "Incorrect string value: '\\xF0\\x9F\\x98\\x87' for column 'region' at row 1")
ERROR [2025-06-08 15:16:19] C:\Users\Scarl\.conda\envs\umlexp1\lib\site-packages\blueapps\core\exceptions\middleware.py 72 process_exception 41160 28760 
 	 捕获未处理异常,异常具体堆栈->[Traceback (most recent call last):
  File "C:\Users\Scarl\.conda\envs\umlexp1\lib\site-packages\django\core\handlers\base.py", line 181, in _get_response
    response = wrapped_callback(request, *callback_args, **callback_kwargs)
  File "E:\codeF\django\uml实训一\umlexp1\moments\views.py", line 13, in show_user
    wechat_user = WeChatUser.objects.get(user_id=user_id)
  File "C:\Users\Scarl\.conda\envs\umlexp1\lib\site-packages\django\db\models\manager.py", line 85, in manager_method
    return getattr(self.get_queryset(), name)(*args, **kwargs)
  File "C:\Users\Scarl\.conda\envs\umlexp1\lib\site-packages\django\db\models\query.py", line 437, in get
    self.model._meta.object_name
moments.models.WeChatUser.DoesNotExist: WeChatUser matching query does not exist.
], 请求URL->[/user/], 请求方法->[GET] 请求参数->[{}] 

ERROR [2025-06-08 15:16:19] C:\Users\Scarl\.conda\envs\umlexp1\lib\site-packages\django\utils\log.py 230 log_response 41160 28760 
 	 Internal Server Error: /user/ 
Traceback (most recent call last):
  File "C:\Users\Scarl\.conda\envs\umlexp1\lib\site-packages\django\core\handlers\exception.py", line 47, in inner
    response = get_response(request)
  File "C:\Users\Scarl\.conda\envs\umlexp1\lib\site-packages\django\core\handlers\base.py", line 181, in _get_response
    response = wrapped_callback(request, *callback_args, **callback_kwargs)
  File "E:\codeF\django\uml实训一\umlexp1\moments\views.py", line 13, in show_user
    wechat_user = WeChatUser.objects.get(user_id=user_id)
  File "C:\Users\Scarl\.conda\envs\umlexp1\lib\site-packages\django\db\models\manager.py", line 85, in manager_method
    return getattr(self.get_queryset(), name)(*args, **kwargs)
  File "C:\Users\Scarl\.conda\envs\umlexp1\lib\site-packages\django\db\models\query.py", line 437, in get
    self.model._meta.object_name
moments.models.WeChatUser.DoesNotExist: WeChatUser matching query does not exist.
ERROR [2025-06-08 15:16:29] C:\Users\Scarl\.conda\envs\umlexp1\lib\site-packages\blueapps\core\exceptions\middleware.py 72 process_exception 41160 28760 
 	 捕获未处理异常,异常具体堆栈->[Traceback (most recent call last):
  File "C:\Users\Scarl\.conda\envs\umlexp1\lib\site-packages\django\core\handlers\base.py", line 181, in _get_response
    response = wrapped_callback(request, *callback_args, **callback_kwargs)
  File "E:\codeF\django\uml实训一\umlexp1\moments\views.py", line 23, in submit_post
    user = WeChatUser.objects.get(user=request.user)
  File "C:\Users\Scarl\.conda\envs\umlexp1\lib\site-packages\django\db\models\manager.py", line 85, in manager_method
    return getattr(self.get_queryset(), name)(*args, **kwargs)
  File "C:\Users\Scarl\.conda\envs\umlexp1\lib\site-packages\django\db\models\query.py", line 437, in get
    self.model._meta.object_name
moments.models.WeChatUser.DoesNotExist: WeChatUser matching query does not exist.
], 请求URL->[/post/], 请求方法->[GET] 请求参数->[{}] 

ERROR [2025-06-08 15:16:29] C:\Users\Scarl\.conda\envs\umlexp1\lib\site-packages\django\utils\log.py 230 log_response 41160 28760 
 	 Internal Server Error: /post/ 
Traceback (most recent call last):
  File "C:\Users\Scarl\.conda\envs\umlexp1\lib\site-packages\django\core\handlers\exception.py", line 47, in inner
    response = get_response(request)
  File "C:\Users\Scarl\.conda\envs\umlexp1\lib\site-packages\django\core\handlers\base.py", line 181, in _get_response
    response = wrapped_callback(request, *callback_args, **callback_kwargs)
  File "E:\codeF\django\uml实训一\umlexp1\moments\views.py", line 23, in submit_post
    user = WeChatUser.objects.get(user=request.user)
  File "C:\Users\Scarl\.conda\envs\umlexp1\lib\site-packages\django\db\models\manager.py", line 85, in manager_method
    return getattr(self.get_queryset(), name)(*args, **kwargs)
  File "C:\Users\Scarl\.conda\envs\umlexp1\lib\site-packages\django\db\models\query.py", line 437, in get
    self.model._meta.object_name
moments.models.WeChatUser.DoesNotExist: WeChatUser matching query does not exist.
ERROR [2025-06-08 15:17:14] C:\Users\Scarl\.conda\envs\umlexp1\lib\site-packages\blueapps\core\exceptions\middleware.py 72 process_exception 41160 28760 
 	 捕获未处理异常,异常具体堆栈->[Traceback (most recent call last):
  File "C:\Users\Scarl\.conda\envs\umlexp1\lib\site-packages\django\core\handlers\base.py", line 181, in _get_response
    response = wrapped_callback(request, *callback_args, **callback_kwargs)
  File "E:\codeF\django\uml实训一\umlexp1\moments\views.py", line 23, in submit_post
    user = WeChatUser.objects.get(user=request.user)
  File "C:\Users\Scarl\.conda\envs\umlexp1\lib\site-packages\django\db\models\manager.py", line 85, in manager_method
    return getattr(self.get_queryset(), name)(*args, **kwargs)
  File "C:\Users\Scarl\.conda\envs\umlexp1\lib\site-packages\django\db\models\query.py", line 437, in get
    self.model._meta.object_name
moments.models.WeChatUser.DoesNotExist: WeChatUser matching query does not exist.
], 请求URL->[/post/], 请求方法->[GET] 请求参数->[{}] 

ERROR [2025-06-08 15:17:14] C:\Users\Scarl\.conda\envs\umlexp1\lib\site-packages\django\utils\log.py 230 log_response 41160 28760 
 	 Internal Server Error: /post/ 
Traceback (most recent call last):
  File "C:\Users\Scarl\.conda\envs\umlexp1\lib\site-packages\django\core\handlers\exception.py", line 47, in inner
    response = get_response(request)
  File "C:\Users\Scarl\.conda\envs\umlexp1\lib\site-packages\django\core\handlers\base.py", line 181, in _get_response
    response = wrapped_callback(request, *callback_args, **callback_kwargs)
  File "E:\codeF\django\uml实训一\umlexp1\moments\views.py", line 23, in submit_post
    user = WeChatUser.objects.get(user=request.user)
  File "C:\Users\Scarl\.conda\envs\umlexp1\lib\site-packages\django\db\models\manager.py", line 85, in manager_method
    return getattr(self.get_queryset(), name)(*args, **kwargs)
  File "C:\Users\Scarl\.conda\envs\umlexp1\lib\site-packages\django\db\models\query.py", line 437, in get
    self.model._meta.object_name
moments.models.WeChatUser.DoesNotExist: WeChatUser matching query does not exist.
ERROR [2025-06-08 15:18:42] C:\Users\Scarl\.conda\envs\umlexp1\lib\site-packages\blueapps\core\exceptions\middleware.py 72 process_exception 41160 28760 
 	 捕获未处理异常,异常具体堆栈->[Traceback (most recent call last):
  File "C:\Users\Scarl\.conda\envs\umlexp1\lib\site-packages\django\core\handlers\base.py", line 181, in _get_response
    response = wrapped_callback(request, *callback_args, **callback_kwargs)
  File "E:\codeF\django\uml实训一\umlexp1\moments\views.py", line 23, in submit_post
    user = WeChatUser.objects.get(user=request.user)
  File "C:\Users\Scarl\.conda\envs\umlexp1\lib\site-packages\django\db\models\manager.py", line 85, in manager_method
    return getattr(self.get_queryset(), name)(*args, **kwargs)
  File "C:\Users\Scarl\.conda\envs\umlexp1\lib\site-packages\django\db\models\query.py", line 437, in get
    self.model._meta.object_name
moments.models.WeChatUser.DoesNotExist: WeChatUser matching query does not exist.
], 请求URL->[/post/], 请求方法->[GET] 请求参数->[{}] 

ERROR [2025-06-08 15:18:42] C:\Users\Scarl\.conda\envs\umlexp1\lib\site-packages\django\utils\log.py 230 log_response 41160 28760 
 	 Internal Server Error: /post/ 
Traceback (most recent call last):
  File "C:\Users\Scarl\.conda\envs\umlexp1\lib\site-packages\django\core\handlers\exception.py", line 47, in inner
    response = get_response(request)
  File "C:\Users\Scarl\.conda\envs\umlexp1\lib\site-packages\django\core\handlers\base.py", line 181, in _get_response
    response = wrapped_callback(request, *callback_args, **callback_kwargs)
  File "E:\codeF\django\uml实训一\umlexp1\moments\views.py", line 23, in submit_post
    user = WeChatUser.objects.get(user=request.user)
  File "C:\Users\Scarl\.conda\envs\umlexp1\lib\site-packages\django\db\models\manager.py", line 85, in manager_method
    return getattr(self.get_queryset(), name)(*args, **kwargs)
  File "C:\Users\Scarl\.conda\envs\umlexp1\lib\site-packages\django\db\models\query.py", line 437, in get
    self.model._meta.object_name
moments.models.WeChatUser.DoesNotExist: WeChatUser matching query does not exist.
